日付	始値	高値	安値	終値	前日比	出来高	売買代金	貸株残高	融資残高	貸借倍率	5DMA	25DMA	75DMA	100DMA	200DMA
2021/02/12	1426.0	1432.5	1422.5	1432.0	9.5	9675000	13823232	0	148200	0.00	1421.70	1372.28	1307.51	1285.70	1344.49
2021/02/10	1415.0	1426.5	1413.0	1422.5	7.0	8490900	12070983	0	158500	0.00	1413.00	1368.32	1304.55	1284.17	1344.40
2021/02/09	1422.5	1428.0	1410.5	1415.5	-3.0	11128000	15769013	0	148400	0.00	1408.10	1363.56	1301.93	1282.36	1344.27
2021/02/08	1424.5	1442.5	1415.5	1418.5	-1.5	11430900	16288672	15100	151900	10.06	1397.60	1359.34	1299.23	1281.28	1344.18
2021/02/05	1400.0	1427.0	1399.5	1420.0	31.5	17242900	24385717	900	144600	160.67	1386.10	1354.32	1296.51	1280.24	1343.95
2021/02/04	1396.0	1398.5	1388.5	1388.5	-9.5	6753100	9396489	300	129400	431.33	1377.50	1349.78	1293.77	1279.24	1343.75
2021/02/03	1380.0	1398.0	1375.5	1398.0	35.0	12455300	17334293	18800	130900	6.96	1375.20	1345.92	1291.42	1278.85	1343.68
2021/02/02	1366.0	1368.5	1357.5	1363.0	2.0	8188000	11154132	10000	157500	15.75	1371.80	1341.46	1288.81	1278.40	1343.59
2021/02/01	1367.0	1369.5	1356.5	1361.0	-16.0	10599600	14440623	18600	145300	7.81	1368.40	1338.38	1286.70	1278.45	1343.72
2021/01/29	1377.0	1389.0	1373.0	1377.0	0.0	13565700	18706318	200	139100	695.50	1364.90	1336.16	1284.49	1278.66	1343.89
2021/01/28	1365.0	1386.0	1363.0	1377.0	-4.0	13418000	18456797	11000	154400	14.04	1358.90	1333.72	1282.09	1278.66	1343.94
2021/01/27	1365.0	1381.5	1364.0	1381.0	35.0	16627500	22830038	0	143600	0.00	1353.60	1331.46	1279.75	1278.54	1343.54
2021/01/26	1342.0	1353.0	1340.5	1346.0	2.5	5496300	7405792	600	156300	260.50	1348.40	1330.06	1277.49	1278.65	1343.17
2021/01/25	1347.0	1347.0	1337.0	1343.5	-3.5	6128700	8219807	0	166400	0.00	1351.90	1328.82	1275.73	1279.51	1343.20
2021/01/22	1347.0	1350.0	1344.0	1347.0	-3.5	6185800	8330170	0	160100	0.00	1354.20	1328.02	1273.72	1280.62	1343.35
2021/01/21	1355.0	1360.5	1350.5	1350.5	-4.5	5484500	7432259	0	146700	0.00	1357.00	1327.80	1271.64	1281.90	1343.39
2021/01/20	1364.0	1365.5	1349.0	1355.0	-8.5	8615000	11667768	3000	159700	53.23	1357.60	1327.26	1269.33	1283.15	1343.84
2021/01/19	1355.5	1367.0	1355.0	1363.5	8.5	7953000	10844102	3000	139100	46.37	1355.30	1326.26	1266.97	1284.40	1344.14
2021/01/18	1360.0	1364.5	1354.0	1355.0	-6.0	8987700	12199468	3000	347900	115.97	1353.10	1324.18	1264.67	1285.60	1344.42
2021/01/15	1351.5	1365.0	1348.5	1361.0	7.5	15847900	21514090	3000	239400	79.80	1351.50	1321.58	1263.17	1286.78	1344.51
2021/01/14	1337.5	1356.0	1336.5	1353.5	10.0	12049500	16270255	3000	271100	90.37	1346.30	1318.14	1261.62	1288.19	1344.77
2021/01/13	1342.5	1352.0	1340.0	1343.5	-9.0	11420500	15381700	4000	294600	73.65	1342.20	1314.54	1260.25	1289.62	1345.32
2021/01/12	1341.5	1364.0	1338.5	1352.5	5.5	16413600	22196532	9800	271800	27.73	1334.20	1311.36	1259.28	1291.05	1345.88
2021/01/08	1334.0	1347.5	1332.0	1347.0	12.0	13254300	17797100	25200	252700	10.03	1325.70	1308.46	1257.81	1292.46	1346.29
2021/01/07	1340.0	1345.5	1332.0	1335.0	2.0	16139300	21587731	2600	418600	161.00	1314.90	1305.24	1257.30	1293.98	1346.68
2021/01/06	1311.5	1341.0	1311.0	1333.0	29.5	13428300	17863174	2500	453600	181.44	1309.20	1302.24	1256.84	1295.43	1347.13
2021/01/05	1310.0	1315.0	1301.0	1303.5	-6.5	8175500	10678985	2600	337500	129.81	1301.00	1300.30	1256.11	1296.75	1347.63
2021/01/04	1303.0	1310.0	1293.5	1310.0	17.0	9587800	12494793	2500	331900	132.76	1297.60	1299.64	1255.29	1298.28	1348.38
2020/12/30	1300.0	1304.5	1290.0	1293.0	-13.5	12125100	15692737	2500	349800	139.92	1292.80	1298.64	1255.26	1299.76	1349.10
2020/12/29	1301.5	1310.5	1296.0	1306.5	14.5	10746000	14002296	2500	335600	134.24	1295.30	1298.52	1255.55	1301.32	1349.95
2020/12/28	1280.0	1295.5	1280.0	1292.0	5.5	11481200	14798794	2000	368600	184.30	1297.20	1298.06	1255.73	1302.84	1350.74
2020/12/25	1281.5	1295.0	1278.5	1286.5	0.5	8914600	11456419	2000	322800	161.40	1302.90	1297.54	1256.49	1304.51	1351.73
2020/12/24	1307.0	1312.5	1284.0	1286.0	-19.5	10709800	13869801	2000	310300	155.15	1314.80	1297.66	1257.38	1305.79	1352.65
2020/12/23	1313.0	1324.5	1305.0	1305.5	-10.5	7634800	10021637	2000	292300	146.15	1320.60	1296.48	1258.47	1307.26	1353.36
2020/12/22	1312.5	1329.0	1311.5	1316.0	-4.5	11702400	15415183	34400	278600	8.10	1324.20	1294.82	1259.49	1308.40	1353.99
2020/12/21	1340.0	1343.5	1320.0	1320.5	-25.5	11946500	15859574	2000	245000	122.50	1329.30	1292.80	1260.30	1309.51	1354.47
2020/12/18	1318.0	1346.0	1316.5	1346.0	31.0	29148600	39082243	7500	217200	28.96	1332.60	1290.38	1260.89	1310.60	1355.12
2020/12/17	1317.0	1327.0	1314.0	1315.0	-8.5	13288300	17523758	2000	269800	134.90	1329.40	1287.12	1261.51	1311.19	1355.75
2020/12/16	1339.5	1348.0	1319.0	1323.5	-18.0	13201900	17602939	2000	255200	127.60	1328.70	1284.52	1263.07	1312.15	1356.58
2020/12/15	1330.0	1342.0	1327.5	1341.5	4.5	11001400	14710944	2000	253200	126.60	1322.00	1280.58	1264.82	1313.22	1357.47
2020/12/14	1332.0	1348.5	1332.0	1337.0	7.0	12816200	17190050	2000	195300	97.65	1308.70	1276.40	1266.60	1313.96	1358.19
2020/12/11	1317.5	1332.0	1313.0	1330.0	18.5	19437000	25727470	11000	163700	14.88	1294.00	1271.84	1268.44	1314.88	1358.98
2020/12/10	1288.0	1313.0	1282.5	1311.5	21.5	23212600	30163387	2000	214100	107.05	1280.80	1267.80	1270.45	1315.89	1359.81
2020/12/09	1284.0	1292.0	1281.5	1290.0	15.0	14000700	18028877	124400	247400	1.99	1274.50	1263.78	1272.74	1316.93	1360.77
2020/12/08	1259.0	1275.0	1259.0	1275.0	11.5	10448200	13281557	4400	273700	62.20	1269.80	1261.12	1275.18	1318.06	1361.88
2020/12/07	1260.0	1269.0	1254.0	1263.5	-0.5	9500200	11995312	5300	304300	57.42	1266.80	1258.62	1278.21	1319.24	1363.05
2020/12/04	1266.5	1274.0	1259.5	1264.0	-16.0	15817000	20023054	2000	320300	160.15	1271.00	1256.74	1281.31	1320.60	1364.26
2020/12/03	1275.0	1285.5	1270.5	1280.0	13.5	20436800	26109998	94800	312200	3.29	1275.60	1254.76	1284.28	1321.82	1365.37
2020/12/02	1250.0	1269.5	1247.5	1266.5	6.5	20680700	26008667	167200	318400	1.90	1276.60	1252.36	1287.12	1322.90	1366.55
2020/12/01	1278.5	1283.5	1246.5	1260.0	-24.5	19809900	24949249	165800	355000	2.14	1281.30	1250.40	1290.22	1324.10	1367.74
2020/11/30	1290.0	1299.0	1273.5	1284.5	-2.5	53527700	68709748	133700	372900	2.79	1288.30	1248.00	1293.15	1325.15	1368.94
2020/11/27	1284.5	1290.0	1274.5	1287.0	2.0	18203600	23347517	145800	343600	2.36	1287.20	1245.02	1295.56	1325.99	1369.99
2020/11/26	1288.5	1294.5	1282.0	1285.0	-5.0	15760400	20266322	102000	376600	3.69	1287.70	1242.58	1297.83	1326.70	1371.06
2020/11/25	1295.0	1297.5	1288.5	1290.0	-5.0	17505100	22627994	102000	358900	3.52	1282.00	1239.70	1300.13	1327.60	1372.11
2020/11/24	1294.5	1297.5	1287.0	1295.0	16.0	21926000	28321091	205900	389700	1.89	1276.80	1236.68	1302.25	1328.39	1373.13
2020/11/20	1290.0	1299.0	1270.5	1279.0	-10.5	22617200	29014310	37600	352700	9.38	1270.90	1233.48	1304.43	1329.36	1374.08
2020/11/19	1265.0	1289.5	1263.5	1289.5	33.0	25159100	32222242	5500	378400	68.80	1267.10	1230.80	1306.83	1330.40	1375.06
2020/11/18	1262.0	1262.5	1248.5	1256.5	-7.5	14274800	17946600	3000	391500	130.50	1262.10	1227.30	1308.50	1331.46	1376.01
2020/11/17	1265.5	1268.0	1262.0	1264.0	-1.5	12387400	15658810	3000	393800	131.27	1260.80	1225.24	1310.85	1332.93	1377.14
2020/11/16	1269.0	1271.5	1263.0	1265.5	5.5	13380300	16953170	3000	415700	138.57	1253.00	1222.48	1312.93	1334.10	1378.19
2020/11/13	1265.0	1270.0	1247.5	1260.0	-4.5	17461000	21963868	200	492500	2462.50	1247.30	1219.74	1315.08	1335.22	1379.26
2020/11/12	1250.0	1264.5	1250.0	1264.5	14.5	17093400	21535354	0	372700	0.00	1239.90	1217.40	1317.33	1336.25	1380.28
2020/11/11	1240.5	1254.5	1240.0	1250.0	25.0	23202200	28976135	0	408700	0.00	1232.80	1215.30	1319.21	1337.39	1381.30
2020/11/10	1238.0	1240.0	1222.0	1225.0	-12.0	21001400	25837663	100	430300	4303.00	1225.00	1213.86	1321.35	1338.60	1382.40
2020/11/09	1227.5	1239.5	1226.5	1237.0	14.0	19896600	24561426	100	460300	4603.00	1224.70	1212.56	1324.10	1339.81	1383.62
2020/11/06	1229.5	1230.0	1220.0	1223.0	-6.0	14750400	18046747	200	575900	2879.50	1219.80	1210.72	1326.47	1341.13	1384.82
2020/11/05	1225.0	1234.0	1217.5	1229.0	18.0	26435100	32396997	4100	500900	122.17	1218.50	1208.90	1329.22	1342.64	1386.14
2020/11/04	1223.5	1225.0	1209.0	1211.0	-12.5	16367400	19861171	2500	673900	269.56	1215.60	1206.84	1331.92	1344.09	1387.38
2020/11/02	1218.0	1226.0	1217.0	1223.5	11.0	15432100	18842012	2400	609200	253.83	1217.40	1206.04	1334.64	1345.71	1388.66
2020/10/30	1216.0	1219.0	1210.0	1212.5	-4.0	15716100	19100781	2700	646600	239.48	1216.20	1206.80	1337.03	1347.15	1389.78
2020/10/29	1208.5	1219.5	1207.0	1216.5	2.0	13573900	16505747	2400	620800	258.67	1213.70	1208.10	1339.45	1348.70	1391.01
2020/10/28	1219.0	1222.5	1213.0	1214.5	-5.5	17218900	20972495	11400	672800	59.02	1212.40	1209.48	1341.89	1350.29	1392.17
2020/10/27	1218.0	1220.0	1208.5	1220.0	2.5	16324200	19856165	11400	654400	57.40	1214.70	1211.72	1344.17	1351.82	1393.40
2020/10/26	1201.0	1218.5	1199.5	1217.5	17.5	12291200	14902275	2400	718800	299.50	1213.30	1212.62	1346.41	1353.26	1394.57
2020/10/23	1210.0	1211.0	1197.0	1200.0	-10.0	16199500	19455806	2400	744600	310.25	1212.70	1216.26	1348.67	1354.75	1395.66
2020/10/22	1222.0	1225.0	1209.0	1210.0	-16.0	10772500	13088692	2400	731000	304.58	1215.70	1220.28	1350.87	1356.41	1396.80
2020/10/21	1214.0	1227.5	1209.5	1226.0	13.0	21966400	26806077	9900	838300	84.68	1216.10	1223.02	1352.97	1357.95	1397.88
2020/10/20	1214.0	1214.5	1209.0	1213.0	-1.5	12300500	14901169	2400	891600	371.50	1211.30	1223.66	1354.74	1359.24	1398.89
2020/10/19	1215.0	1221.5	1207.5	1214.5	-0.5	15997700	19419056	2400	887800	369.92	1209.70	1227.44	1356.90	1360.51	1400.07
2020/10/16	1214.5	1217.5	1209.5	1215.0	3.0	18827000	22842768	2400	798900	332.88	1205.80	1231.44	1358.96	1361.75	1401.18
2020/10/15	1206.0	1216.0	1204.5	1212.0	10.0	24756700	29979156	2400	853400	355.58	1202.20	1235.64	1361.32	1362.79	1402.31
2020/10/14	1203.5	1204.5	1198.0	1202.0	-3.0	13632700	16367261	2400	825600	344.00	1200.10	1241.14	1363.59	1364.42	1403.46
2020/10/13	1200.0	1205.5	1196.0	1205.0	10.0	14553600	17482659	2400	958900	399.54	1202.10	1247.18	1366.18	1366.26	1404.71
2020/10/12	1195.0	1199.0	1189.0	1195.0	-2.0	10009600	11956250	2400	992500	413.54	1203.90	1253.70	1368.82	1368.24	1405.94
2020/10/09	1201.0	1201.5	1189.0	1197.0	-4.5	13668000	16335856	2400	982500	409.38	1203.40	1261.18	1371.30	1370.36	1407.24
2020/10/08	1211.0	1211.0	1200.0	1201.5	-10.5	15430500	18573584	10400	913100	87.80	1202.20	1268.36	1373.71	1372.61	1408.53
2020/10/07	1212.0	1217.0	1206.0	1212.0	-2.0	16935500	20523098	2400	871800	363.25	1197.40	1274.90	1375.87	1374.90	1409.80
2020/10/06	1215.0	1217.0	1201.5	1214.0	21.5	25569700	30927368	2500	895500	358.20	1190.50	1282.12	1378.09	1377.09	1411.08
2020/10/05	1200.5	1206.0	1190.0	1192.5	1.5	16216200	19405457	2400	1145100	477.13	1185.90	1290.82	1380.17	1379.50	1412.31
2020/10/02	1190.0	1204.0	1176.0	1191.0	0.0	30871400	36796566	0	1107200	0.00	1195.90	1301.32	1382.22	1382.28	1413.74
2020/10/01	-	-	-	-	-	0	-	44000	1625300	36.94	1206.70	1312.68	1384.59	1384.92	1415.19
2020/09/30	1193.5	1196.5	1158.0	1177.5	-13.5	67485200	79396275	1441000	1626800	1.13	1221.40	1324.58	1387.22	1387.69	1416.70
2020/09/29	1201.0	1202.0	1168.0	1191.0	-51.5	55143400	65616988	297100	3114200	10.48	1240.00	1336.70	1389.84	1390.33	1418.23
2020/09/28	1250.0	1253.0	1235.0	1242.5	-2.5	42129700	52259439	2747200	1331200	0.48	1250.30	1348.40	1392.27	1393.06	1419.71
2020/09/25	1255.0	1259.0	1242.5	1245.0	-6.0	34347800	42882385	893400	1207400	1.35	1263.50	1357.62	1393.93	1395.22	1420.97
2020/09/24	1260.0	1262.0	1242.5	1251.0	-19.5	39464200	49488130	908100	2882800	3.17	1274.60	1367.90	1395.57	1397.06	1422.24
2020/09/23	1242.0	1273.0	1233.0	1270.5	28.0	233162600	291623721	4082600	1391400	0.34	1280.10	1377.72	1397.22	1398.75	1423.50
2020/09/18	1300.0	1300.5	1242.5	1242.5	-66.0	73770800	93409155	58020000	950900	0.02	1274.40	1386.36	1398.51	1400.08	1424.63
2020/09/17	1310.0	1327.0	1305.0	1308.5	8.0	34584700	45397927	49879800	735200	0.01	1287.40	1396.38	1400.14	1401.64	1425.92
2020/09/16	1300.0	1339.0	1292.0	1300.5	22.0	71612900	93952121	44471800	1315200	0.03	1288.60	1404.00	1400.91	1402.47	1426.87
2020/09/15	1250.0	1284.0	1223.0	1278.5	36.5	119405900	149798840	35999800	1653200	0.05	1292.50	1411.18	1401.78	1403.28	1427.78
2020/09/14	1304.0	1308.0	1242.0	1242.0	-65.5	75512700	95350410	22438700	2390200	0.11	1306.70	1418.64	1402.92	1404.63	1428.86
2020/09/11	1305.0	1322.0	1303.5	1307.5	-7.0	24973600	32715700	11695800	2447800	0.21	1328.90	1427.24	1404.43	1406.17	1430.16
2020/09/10	1322.5	1323.0	1306.5	1314.5	-5.5	18497600	24295925	11312700	2183100	0.19	1341.00	1433.24	1404.86	1407.07	1431.17
2020/09/09	1333.5	1338.5	1319.0	1320.0	-29.5	19033400	25233376	8748000	1895600	0.22	1354.50	1438.62	1405.18	1407.65	1432.14
2020/09/08	1340.0	1351.5	1332.5	1349.5	-3.5	11982900	16111497	7365100	1635000	0.22	1365.80	1444.16	1405.17	1408.27	1432.94
2020/09/07	1357.5	1360.0	1351.0	1353.0	-15.0	10145600	13741537	6543900	1395800	0.21	1368.90	1448.56	1405.51	1408.51	1433.62
2020/09/04	1370.0	1371.5	1363.0	1368.0	-14.0	9179600	12561132	6240700	1296600	0.21	1376.80	1451.02	1405.95	1408.78	1434.32
2020/09/03	1385.0	1388.0	1376.0	1382.0	5.5	9163700	12664258	6054400	1126100	0.19	1389.50	1453.62	1406.41	1408.98	1434.92
2020/09/02	1398.5	1398.5	1365.5	1376.5	11.5	17732000	24468228	5418300	1205800	0.22	1404.10	1455.12	1406.75	1409.13	1435.44
2020/09/01	1392.0	1392.0	1363.5	1365.0	-27.5	17333200	23790994	4850700	938000	0.19	1423.80	1457.14	1407.36	1409.23	1436.08
2020/08/31	1385.0	1395.5	1382.5	1392.5	-39.0	37456600	52017405	4433800	962800	0.22	1445.80	1459.70	1408.23	1408.54	1436.75
2020/08/28	1443.0	1462.5	1427.5	1431.5	-23.5	14584300	21021291	2392400	342500	0.14	1463.40	1460.22	1408.75	1407.70	1437.30
2020/08/27	1469.5	1471.5	1447.5	1455.0	-20.0	9369800	13640754	321400	352600	1.10	1473.80	1459.38	1409.06	1406.89	1437.56
2020/08/26	1474.0	1479.5	1467.5	1475.0	0.0	4748500	6998323	365200	292200	0.80	1477.40	1458.42	1409.26	1406.09	1437.80
2020/08/25	1484.0	1493.5	1474.0	1475.0	-5.5	7002700	10371001	289300	270200	0.93	1482.80	1456.02	1409.00	1404.88	1437.90
2020/08/24	1482.5	1488.0	1479.5	1480.5	-3.0	4625400	6859905	240300	265300	1.10	1487.10	1454.18	1408.73	1404.54	1437.92
2020/08/21	1482.0	1492.5	1478.0	1483.5	10.5	4710700	6989929	211900	268900	1.27	1488.30	1452.22	1408.21	1403.88	1437.89
2020/08/20	1497.0	1498.5	1473.0	1473.0	-29.0	6240700	9261763	130800	298300	2.28	1490.20	1449.48	1407.95	1403.23	1437.93
2020/08/19	1490.0	1504.5	1488.0	1502.0	5.5	10551500	15825424	330700	266900	0.81	1495.40	1446.68	1407.75	1402.23	1438.03
2020/08/18	1490.0	1496.5	1490.0	1496.5	10.0	5537900	8273021	248700	170300	0.68	1491.00	1442.34	1406.77	1401.35	1437.93
2020/08/17	1490.0	1494.5	1486.5	1486.5	-6.5	3667300	5462159	101000	320500	3.17	1484.70	1438.46	1405.75	1401.02	1437.90
2020/08/14	1499.0	1499.0	1491.0	1493.0	-6.0	4848000	7240558	79100	346000	4.37	1478.80	1434.44	1404.65	1400.71	1437.97
2020/08/13	1480.5	1499.0	1479.0	1499.0	19.0	12238200	18279212	115600	33800	0.29	1471.70	1430.22	1403.39	1400.12	1438.04
2020/08/12	1460.0	1481.0	1459.5	1480.0	15.0	8639100	12755670	64300	53000	0.82	1461.70	1425.74	1401.95	1399.38	1438.08
2020/08/11	1466.0	1467.5	1458.0	1465.0	8.0	7775400	11374992	29600	155200	5.24	1457.40	1421.14	1400.64	1398.84	1438.27
2020/08/07	1458.5	1462.0	1452.5	1457.0	-0.5	5845400	8521207	11600	158900	13.70	1456.30	1417.26	1399.95	1398.52	1438.52
2020/08/06	1448.0	1458.5	1444.0	1457.5	8.5	5100400	7415168	29100	200400	6.89	1447.80	1413.32	1399.15	1398.47	1438.81
2020/08/05	1450.0	1459.5	1433.0	1449.0	-9.5	6279600	9083184	11500	210700	18.32	1442.90	1410.02	1398.35	1398.44	1439.04
2020/08/04	1467.0	1479.5	1456.0	1458.5	-1.0	9382300	13730023	2800	212200	75.79	1437.00	1406.82	1397.33	1398.58	1439.27
2020/08/03	1435.5	1460.0	1424.0	1459.5	45.0	8896900	12887104	72900	240000	3.29	1430.70	1404.16	1396.30	1398.64	1439.46
2020/07/31	1434.0	1440.0	1413.5	1414.5	-18.5	6715400	9542730	10800	259000	23.98	1424.60	1401.08	1395.16	1398.95	1439.64
2020/07/30	1421.0	1437.5	1419.5	1433.0	13.5	6501300	9302903	27800	246500	8.87	1422.80	1400.34	1394.70	1399.51	1440.06
2020/07/29	1420.5	1423.0	1413.5	1419.5	-7.5	4369000	6202242	3700	263100	71.11	1418.30	1399.14	1394.10	1399.47	1440.26
2020/07/28	1424.5	1430.0	1416.5	1427.0	-2.0	4944300	7048811	13700	277800	20.28	1420.60	1397.60	1393.79	1399.57	1440.48
2020/07/27	1399.5	1429.0	1397.5	1429.0	23.5	6393100	9076413	19300	324100	16.79	1418.20	1395.64	1393.26	1399.43	1440.77
2020/07/22	1414.5	1420.0	1405.5	1405.5	-5.0	5004200	7061375	3700	268300	72.51	1418.20	1393.00	1391.49	1399.64	1441.30
2020/07/21	1430.0	1433.5	1410.5	1410.5	-20.5	5554400	7865458	6400	274600	42.91	1423.40	1391.92	1390.19	1400.31	1441.98
2020/07/20	1422.5	1431.5	1420.5	1431.0	16.0	5542600	7906542	22300	263300	11.81	1424.30	1390.32	1389.39	1401.01	1442.69
2020/07/17	1427.0	1429.0	1415.0	1415.0	-14.0	5286600	7510198	7200	263100	36.54	1418.70	1386.92	1388.64	1401.73	1443.28
2020/07/16	1424.5	1432.5	1417.5	1429.0	-2.5	4776200	6815743	8100	271200	33.48	1414.40	1385.08	1387.83	1402.42	1443.86
2020/07/15	1420.0	1436.0	1414.0	1431.5	16.5	7714400	11019897	24300	350000	14.40	1408.50	1382.90	1387.99	1403.08	1444.41
2020/07/14	1393.0	1417.0	1393.0	1415.0	12.0	7271500	10253248	19100	288000	15.08	1399.40	1380.60	1387.76	1403.74	1444.90
2020/07/13	1400.0	1407.0	1391.0	1403.0	9.5	7222000	10124156	12600	320400	25.43	1393.90	1378.92	1387.81	1404.61	1445.40
2020/07/10	1402.0	1405.5	1393.5	1393.5	-6.0	7817600	10934673	44000	169800	3.86	1390.70	1377.48	1387.41	1405.70	1445.92
2020/07/09	1390.0	1405.0	1380.5	1399.5	13.5	8924900	12474807	15900	176000	11.07	1385.00	1376.46	1387.69	1406.86	1446.49
2020/07/08	1390.0	1399.5	1386.0	1386.0	-1.5	6318700	8792123	10500	236900	22.56	1378.70	1375.48	1388.54	1407.91	1447.00
2020/07/07	1378.0	1387.5	1375.0	1387.5	0.5	5375700	7426921	0	247900	0.00	1373.20	1374.74	1389.46	1408.93	1447.57
2020/07/06	1367.0	1389.0	1366.5	1387.0	22.0	5073600	7008319	23700	436900	18.43	1370.70	1373.82	1390.09	1410.21	1448.14
2020/07/03	1370.5	1372.5	1357.5	1365.0	-3.0	4494600	6126512	0	466900	0.00	1367.10	1372.98	1390.59	1411.38	1448.73
2020/07/02	1369.0	1373.0	1361.0	1368.0	9.5	7340600	10040147	338200	434500	1.28	1372.50	1373.02	1391.41	1412.72	1449.41
2020/07/01	1368.5	1377.5	1355.5	1358.5	-16.5	7060400	9629019	326300	185100	0.57	1375.40	1372.86	1392.27	1414.00	1450.05
2020/06/30	1383.5	1387.0	1369.0	1375.0	6.0	6260100	8608382	176900	250900	1.42	1382.90	1372.72	1393.52	1415.42	1450.73
2020/06/29	1375.0	1378.0	1365.5	1369.0	-23.0	7291000	9995322	199900	252500	1.26	1388.50	1371.32	1394.57	1416.63	1451.31
2020/06/26	1387.5	1392.5	1380.5	1392.0	9.5	5843200	8111847	184600	200500	1.09	1390.90	1370.10	1395.83	1417.88	1451.90
2020/06/25	1386.0	1391.5	1374.5	1382.5	-13.5	8500900	11745172	179700	224200	1.25	1388.10	1367.18	1396.79	1418.81	1452.41
2020/06/24	1404.0	1407.0	1388.0	1396.0	-7.0	6077800	8487848	27100	215600	7.96	1384.20	1366.88	1398.23	1419.73	1453.03
2020/06/23	1387.0	1408.0	1381.5	1403.0	22.0	10168100	14203058	48200	254500	5.28	1380.70	1366.48	1399.23	1420.56	1453.57
2020/06/22	1376.5	1388.5	1374.5	1381.0	3.0	5954800	8225988	6800	278300	40.93	1374.20	1366.48	1399.57	1421.36	1454.14
2020/06/19	1367.0	1378.5	1364.0	1378.0	15.0	10715300	14715011	18400	270500	14.70	1367.20	1367.54	1400.23	1422.29	1454.83
2020/06/18	1375.5	1381.5	1359.0	1363.0	-15.5	8437900	11521162	1000	454700	454.70	1365.40	1369.30	1400.69	1423.29	1455.47
2020/06/17	1370.0	1381.5	1367.0	1378.5	8.0	7215300	9928143	7700	536900	69.73	1367.70	1371.98	1401.85	1424.31	1456.18
2020/06/16	1361.5	1375.5	1355.0	1370.5	24.5	9976100	13644546	5700	414600	72.74	1366.80	1374.10	1403.11	1425.21	1456.79
2020/06/15	1365.0	1370.5	1345.5	1346.0	-23.0	8051200	10928399	0	459100	0.00	1367.30	1377.48	1404.57	1426.20	1457.44
2020/06/12	1365.0	1369.0	1353.0	1369.0	-5.5	12254600	16693357	0	493700	0.00	1371.50	1382.44	1406.66	1427.44	1458.19
2020/06/11	1387.0	1388.5	1371.5	1374.5	0.5	11413600	15749988	4400	422700	96.07	1371.30	1385.90	1408.20	1428.52	1458.83
2020/06/10	1375.0	1376.0	1368.0	1374.0	1.0	7362000	10113279	0	433800	0.00	1371.40	1389.10	1409.81	1429.63	1459.45
2020/06/09	1369.0	1375.0	1365.5	1373.0	6.0	9088200	12452565	0	445700	0.00	1370.10	1391.80	1411.45	1430.66	1460.06
2020/06/08	1372.0	1374.0	1364.0	1367.0	-1.0	8390500	11472273	0	451100	0.00	1368.40	1395.44	1413.17	1431.61	1460.65
2020/06/05	1370.0	1371.5	1362.0	1368.0	-7.0	7884500	10775053	0	552600	0.00	1368.20	1399.08	1415.11	1432.42	1461.20
2020/06/04	1372.5	1377.0	1366.5	1375.0	7.5	11577100	15891462	22000	578500	26.30	1367.80	1401.52	1416.99	1433.33	1461.75
2020/06/03	1379.0	1379.0	1364.0	1367.5	3.0	12481200	17098283	42000	636800	15.16	1365.60	1403.32	1418.72	1434.06	1462.17
2020/06/02	1370.0	1370.5	1360.5	1364.5	-1.5	9678000	13204423	47400	673700	14.21	1363.10	1404.78	1420.32	1434.98	1462.66
2020/06/01	1363.5	1366.5	1356.0	1366.0	0.0	8380100	11426065	56400	667700	11.84	1358.20	1406.12	1422.34	1435.88	1463.21
2020/05/29	1362.0	1368.5	1342.0	1366.0	2.0	40862500	55638153	36400	682700	18.76	1352.70	1407.14	1424.17	1436.57	1463.73
2020/05/28	1360.0	1366.5	1350.5	1364.0	9.0	14748400	20067714	38500	693000	18.00	1343.30	1407.76	1425.95	1437.20	1464.25
2020/05/27	1355.0	1361.0	1345.0	1355.0	15.0	20290300	27429544	207600	734600	3.54	1345.50	1409.74	1427.71	1437.81	1464.75
2020/05/26	1345.0	1351.0	1328.5	1340.0	1.5	28345900	38046414	329900	868000	2.63	1351.70	1411.40	1429.65	1438.55	1465.20
2020/05/25	1335.0	1341.0	1326.5	1338.5	19.5	18229100	24340880	80000	899700	11.25	1364.30	1413.70	1431.73	1439.64	1465.76
2020/05/22	1340.0	1345.0	1315.0	1319.0	-56.0	52617600	69872160	50000	749200	14.98	1378.10	1415.06	1433.80	1440.61	1466.28
2020/05/21	1390.0	1394.5	1375.0	1375.0	-11.0	4697100	6495271	6900	375500	54.42	1398.70	1417.56	1436.01	1441.84	1466.90
2020/05/20	1395.0	1400.0	1376.0	1386.0	-17.0	8341600	11575661	1100	304900	277.18	1409.70	1417.52	1437.35	1442.51	1467.23
2020/05/19	1401.0	1447.5	1388.0	1403.0	-4.5	11971600	16929204	4600	240600	52.30	1418.80	1417.28	1438.58	1443.16	1467.49
2020/05/18	1432.0	1434.5	1403.5	1407.5	-14.5	5169000	7317187	37700	233400	6.19	1429.20	1416.68	1439.65	1443.65	1467.60
2020/05/15	1429.0	1438.0	1422.0	1422.0	-8.0	4610700	6587047	38900	310300	7.98	1441.70	1416.24	1440.53	1444.12	1467.68
2020/05/14	1423.5	1442.0	1421.0	1430.0	-1.5	7012400	10046856	44400	314000	7.07	1448.40	1414.84	1441.29	1444.44	1467.73
2020/05/13	1444.5	1464.0	1431.5	1431.5	-23.5	8377000	12103657	53000	369300	6.97	1453.30	1409.48	1441.75	1444.70	1467.75
2020/05/12	1455.0	1465.5	1447.0	1455.0	-15.0	7176500	10429491	87200	360900	4.14	1455.30	1404.54	1442.24	1445.08	1467.81
2020/05/11	1470.0	1472.0	1455.5	1470.0	14.5	8103500	11893571	114000	362000	3.18	1457.10	1400.38	1442.44	1445.13	1467.73
2020/05/08	1465.5	1472.0	1443.5	1455.5	1.0	5839500	8498750	40300	401600	9.97	1454.70	1396.56	1442.44	1445.21	1467.55
2020/05/07	1440.0	1454.5	1432.5	1454.5	13.0	6032000	8716668	35900	455200	12.68	1449.40	1392.52	1442.73	1445.46	1467.42
2020/05/01	1454.0	1464.0	1441.0	1441.5	-22.5	8142800	11802669	59300	409700	6.91	1442.50	1391.96	1443.14	1445.72	1467.37
2020/04/30	1470.0	1476.0	1463.5	1464.0	6.0	14848600	21800411	279000	219200	0.79	1435.00	1390.88	1443.61	1446.14	1467.36
2020/04/28	1426.0	1458.0	1425.0	1458.0	29.0	9681200	13991923	167600	234600	1.40	1421.80	1389.08	1443.67	1446.36	1467.21
2020/04/27	1414.5	1429.5	1412.5	1429.0	9.0	6591700	9382050	67800	244300	3.60	1408.50	1385.68	1443.53	1446.72	1467.03
2020/04/24	1396.5	1420.0	1394.5	1420.0	16.0	8009800	11319516	133700	264700	1.98	1399.00	1385.08	1443.93	1447.42	1466.91
2020/04/23	1398.0	1404.0	1391.0	1404.0	6.0	5843600	8175265	58800	233000	3.96	1397.70	1386.82	1444.30	1448.25	1466.81
2020/04/22	1400.0	1400.0	1388.0	1398.0	6.5	6131600	8562067	37300	315600	8.46	1396.20	1388.86	1445.04	1449.19	1466.80
2020/04/21	1390.0	1398.0	1384.5	1391.5	10.0	7169100	9987267	219600	272900	1.24	1396.10	1390.32	1445.80	1450.21	1466.87
2020/04/20	1380.0	1401.0	1379.0	1381.5	-32.0	5660500	7854897	57600	349500	6.07	1392.30	1391.66	1446.37	1451.28	1466.99
2020/04/17	1400.0	1416.5	1391.5	1413.5	17.0	10294400	14473491	134800	321200	2.38	1392.30	1393.44	1447.01	1452.29	1467.11
2020/04/16	1397.0	1400.0	1385.0	1396.5	-1.0	6110500	8520828	70700	314600	4.45	1384.40	1394.22	1447.16	1453.09	1467.14
2020/04/15	1372.5	1399.5	1366.0	1397.5	25.0	8071700	11215565	126900	335200	2.64	1381.10	1396.44	1447.59	1454.16	1467.19
2020/04/14	1366.0	1374.0	1349.0	1372.5	-9.0	8076500	11033379	98600	361800	3.67	1379.20	1398.70	1448.28	1455.26	1467.25
2020/04/13	1366.5	1389.0	1361.5	1381.5	7.5	4767900	6572821	136000	361600	2.66	1384.00	1402.32	1449.12	1456.63	1467.43
2020/04/10	1373.5	1381.5	1356.5	1374.0	-6.0	4574800	6262614	15400	380100	24.68	1385.10	1405.64	1449.93	1457.62	1467.56
2020/04/09	1378.5	1383.5	1358.5	1380.0	-8.0	7832500	10726054	0	406100	0.00	1369.50	1410.30	1450.83	1458.72	1467.75
2020/04/08	1400.0	1405.0	1374.0	1388.0	-8.5	7594800	10541430	0	385300	0.00	1355.10	1413.94	1451.78	1459.85	1467.85
2020/04/07	1397.5	1404.0	1367.0	1396.5	9.5	10913500	15172957	34500	386100	11.19	1347.70	1415.56	1452.63	1460.86	1467.95
2020/04/06	1300.0	1394.0	1298.5	1387.0	91.0	12700900	17274495	64500	451100	6.99	1343.30	1416.90	1453.41	1461.75	1468.07
2020/04/03	1301.5	1333.0	1287.0	1296.0	-12.0	9218800	12036486	10000	495800	49.58	1336.80	1417.92	1454.31	1462.94	1468.16
2020/04/02	1350.0	1369.0	1304.5	1308.0	-43.0	12624700	16693994	10100	489400	48.46	1365.70	1424.10	1456.44	1464.97	1468.83
2020/04/01	1370.0	1393.0	1337.5	1351.0	-23.5	10596200	14506763	150300	441500	2.94	1387.00	1430.68	1458.59	1466.90	1469.44
2020/03/31	1369.5	1388.0	1357.5	1374.5	20.0	12114900	16639211	220200	582900	2.65	1400.60	1435.86	1460.04	1468.24	1469.84
2020/03/30	1370.0	1390.0	1321.0	1354.5	-86.0	16661300	22473720	247600	862000	3.48	1400.30	1440.98	1461.42	1469.52	1470.13
2020/03/27	1433.5	1446.5	1420.5	1440.5	26.0	21189900	30393024	5078300	698100	0.14	1412.20	1446.18	1463.11	1470.91	1470.48
2020/03/26	1397.0	1419.5	1391.0	1414.5	-4.5	14738100	20725487	4105900	989900	0.24	1416.80	1448.36	1463.63	1471.31	1470.33
2020/03/25	1389.0	1420.5	1375.5	1419.0	46.0	16794400	23532801	4125900	811900	0.20	1424.90	1451.66	1464.55	1471.91	1470.34
2020/03/24	1400.0	1421.0	1352.0	1373.0	-41.0	22251400	30806362	4047600	955200	0.24	1428.00	1455.00	1465.45	1472.62	1470.34
2020/03/23	1430.0	1448.0	1382.0	1414.0	-49.5	22722400	32205330	4282000	570100	0.13	1438.40	1460.56	1467.07	1473.83	1470.68
2020/03/19	1468.5	1493.5	1440.0	1463.5	8.5	24010800	35361150	4522800	468300	0.10	1440.80	1464.36	1468.20	1474.50	1470.79
2020/03/18	1455.0	1466.0	1441.0	1455.0	20.5	17950800	26162966	4435500	559600	0.13	1434.70	1466.02	1468.72	1474.78	1470.66
2020/03/17	1405.0	1452.0	1404.5	1434.5	9.5	16302000	23419160	4288900	180800	0.04	1434.10	1467.32	1469.29	1475.24	1470.53
2020/03/16	1427.0	1462.5	1418.0	1425.0	-1.0	14087100	20304020	234900	218300	0.93	1438.00	1470.58	1470.17	1475.95	1470.52
2020/03/13	1390.0	1455.5	1323.0	1426.0	-7.0	26169000	36407245	210800	162800	0.77	1445.60	1473.72	1471.15	1476.78	1470.59
2020/03/12	1440.0	1446.0	1401.0	1433.0	-19.0	17651600	25140720	169200	180800	1.07	1453.30	1476.66	1471.90	1477.70	1470.56
2020/03/11	1456.5	1462.5	1447.0	1452.0	-2.0	11518600	16745947	156600	169300	1.08	1464.80	1479.18	1472.71	1478.52	1470.36
2020/03/10	1442.5	1463.0	1419.5	1454.0	-9.0	17684200	25583897	209500	165800	0.79	1468.60	1481.10	1473.39	1479.14	1470.13
2020/03/09	1427.5	1463.0	1426.0	1463.0	-1.5	17659100	25596202	168800	126200	0.75	1463.50	1482.78	1474.11	1479.64	1469.94
2020/03/06	1469.0	1474.5	1446.0	1464.5	-26.0	13376300	19539794	67500	233000	3.45	1456.90	1484.02	1474.73	1479.97	1469.82
2020/03/05	1474.5	1491.5	1469.0	1490.5	19.5	10741300	15941234	199200	226100	1.14	1446.50	1484.84	1474.95	1480.29	1469.69
2020/03/04	1427.5	1474.5	1427.5	1471.0	42.5	13378300	19502311	105400	216700	2.06	1438.50	1484.22	1474.86	1480.33	1469.36
2020/03/03	1450.0	1457.0	1428.5	1428.5	-1.5	10736000	15462175	3600	300500	83.47	1438.80	1484.52	1475.15	1480.62	1469.01
2020/03/02	1400.0	1437.0	1393.5	1430.0	17.5	14759800	20957448	52100	264400	5.07	1449.20	1486.70	1475.96	1481.05	1468.42
2020/02/28	1420.5	1431.5	1400.5	1412.5	-38.0	23191700	32756321	900	207500	230.56	1463.70	1488.46	1476.70	1481.39	1467.79
2020/02/27	1470.0	1470.0	1444.0	1450.5	-22.0	12854000	18701130	2400	191700	79.88	1478.10	1491.10	1477.94	1482.11	1467.28
2020/02/26	1475.0	1483.5	1464.0	1472.5	-8.0	10304300	15181288	28200	122300	4.34	1487.00	1491.68	1478.59	1482.97	1466.69
2020/02/25	1470.0	1494.0	1464.5	1480.5	-22.0	13533600	20040335	17200	164900	9.59	1491.90	1491.50	1478.97	1483.65	1466.03
2020/02/21	1490.0	1502.5	1487.0	1502.5	18.0	10374100	15533426	104800	120000	1.15	1496.30	1491.08	1479.03	1484.38	1465.26
2020/02/20	1500.0	1500.0	1484.0	1484.5	-10.5	6883900	10264307	20000	133700	6.69	1498.20	1489.78	1479.03	1484.84	1464.45
2020/02/19	1505.0	1508.0	1495.0	1495.0	-2.0	5532300	8302108	56800	118200	2.08	1503.10	1489.48	1479.15	1485.30	1463.73
2020/02/18	1502.0	1502.0	1493.5	1497.0	-5.5	5178500	7759434	68800	116700	1.70	1505.10	1489.10	1478.95	1485.74	1462.96
2020/02/17	1507.0	1510.0	1500.5	1502.5	-9.5	5871500	8835568	63300	152900	2.42	1503.20	1488.30	1478.66	1486.07	1462.19
2020/02/14	1505.0	1513.0	1503.5	1512.0	3.0	6195400	9346888	82600	145300	1.76	1505.90	1486.92	1478.49	1486.18	1461.35
2020/02/13	1501.0	1513.0	1500.5	1509.0	4.0	10512000	15856278	55300	151400	2.74	1504.20	1484.36	1478.25	1486.14	1460.26
2020/02/12	1497.0	1511.0	1487.0	1505.0	17.5	12424300	18626022	37300	162900	4.37	1502.30	1482.34	1477.88	1486.12	1459.04
2020/02/10	1506.5	1510.0	1487.5	1487.5	-28.5	12243500	18295109	22600	316700	14.01	1500.50	1480.06	1477.69	1486.09	1457.90
2020/02/07	1505.0	1516.0	1503.5	1516.0	12.5	12842900	19413191	15700	196100	12.49	1503.00	1478.94	1477.87	1486.22	1456.62
2020/02/06	1503.0	1505.0	1502.0	1503.5	4.0	7566100	11377125	170300	212000	1.24	1499.00	1476.50	1477.74	1486.06	1455.20
2020/02/05	1500.0	1502.5	1496.0	1499.5	3.5	5676100	8512094	158700	201300	1.27	1497.10	1473.74	1477.79	1486.09	1453.98
2020/02/04	1498.0	1503.0	1489.0	1496.0	-4.0	7414000	11104371	81700	149100	1.82	1494.20	1470.94	1478.05	1486.09	1452.76
2020/02/03	1488.5	1503.0	1480.0	1500.0	4.0	8869100	13269703	0	140200	0.00	1490.00	1468.08	1478.29	1486.10	1451.46
2020/01/31	1489.5	1499.0	1486.5	1496.0	2.0	7091700	10602146	21100	142500	6.75	1485.70	1465.24	1478.49	1486.04	1450.13
2020/01/30	1483.0	1494.5	1481.0	1494.0	9.0	7011700	10444744	8000	160300	20.04	1483.10	1463.36	1478.59	1485.99	1448.74
2020/01/29	1475.5	1485.0	1474.0	1485.0	10.0	4353900	6448690	16800	164900	9.82	1479.10	1461.02	1478.62	1485.93	1447.41
2020/01/28	1472.5	1480.0	1465.5	1475.0	-3.5	5725900	8437719	14300	169500	11.85	1477.80	1459.32	1478.77	1486.02	1446.22
2020/01/27	1463.0	1482.5	1462.0	1478.5	-4.5	4538400	6692780	22300	160200	7.18	1475.80	1457.98	1479.03	1486.32	1445.14
2020/01/24	1478.5	1484.0	1476.5	1483.0	9.0	3998800	5926668	14100	155100	11.00	1473.70	1456.88	1479.31	1486.59	1444.18
2020/01/23	1478.5	1482.0	1473.5	1474.0	-4.5	3720700	5495325	0	159500	0.00	1471.10	1455.64	1479.16	1486.93	1443.28
2020/01/22	1469.0	1481.0	1468.5	1478.5	13.5	5520400	8141499	18800	158900	8.45	1470.30	1454.88	1479.03	1487.37	1442.37
2020/01/21	1469.0	1471.0	1462.5	1465.0	-3.0	4567500	6696227	0	163400	0.00	1470.00	1453.90	1479.11	1487.64	1441.47
2020/01/20	1473.0	1478.0	1468.0	1468.0	-2.0	4649700	6839852	9600	152200	15.85	1474.10	1453.54	1480.06	1488.05	1440.76
2020/01/17	1470.0	1471.5	1465.0	1470.0	0.0	5441700	7991173	0	142600	0.00	1475.90	1453.58	1481.03	1488.38	1440.17
2020/01/16	1472.0	1474.5	1467.0	1470.0	-7.0	5072000	7455633	5000	147500	29.50	1475.50	1453.18	1482.14	1488.69	1439.60
2020/01/15	1483.5	1485.0	1473.5	1477.0	-8.5	5265900	7786478	5000	165200	33.04	1471.10	1453.50	1483.19	1488.94	1438.95
2020/01/14	1481.0	1485.5	1476.0	1485.5	8.5	7061900	10464210	25500	218400	8.56	1467.40	1453.66	1483.90	1489.14	1438.23
2020/01/10	1466.0	1477.0	1464.0	1477.0	9.0	7375600	10860682	42300	195200	4.61	1459.90	1453.44	1484.62	1489.28	1437.46
2020/01/09	1468.0	1468.5	1459.0	1468.0	20.0	7370000	10805018	49400	255500	5.17	1456.40	1453.70	1485.33	1489.46	1436.81
2020/01/08	1452.0	1454.5	1437.5	1448.0	-10.5	9109700	13184969	15400	316300	20.54	1453.80	1454.42	1485.93	1489.70	1436.11
2020/01/07	1451.0	1463.5	1451.0	1458.5	10.5	6286800	9171775	25000	327200	13.09	1451.10	1456.28	1486.73	1489.97	1435.46
2020/01/06	1459.0	1463.0	1446.0	1448.0	-11.5	8155500	11830982	43100	322400	7.48	1445.30	1457.90	1487.37	1490.18	1434.76
2019/12/30	1452.5	1468.5	1451.0	1459.5	4.5	6410300	9360185	43100	181200	4.20	1440.60	1460.08	1488.10	1490.29	1434.17
2019/12/27	1442.5	1457.5	1433.0	1455.0	20.5	8588200	12428933	70900	214400	3.02	1434.50	1461.62	1488.65	1490.35	1433.57
2019/12/26	1428.0	1435.5	1424.0	1434.5	5.0	6081200	8699719	41600	227100	5.46	1433.30	1463.44	1489.25	1490.55	1432.98
2019/12/25	1427.5	1434.0	1425.0	1429.5	5.0	5108100	7304859	59200	208700	3.53	1433.50	1466.00	1490.21	1490.89	1432.56
2019/12/24	1427.0	1428.5	1412.5	1424.5	-4.5	9702700	13779992	51000	218600	4.29	1436.10	1468.10	1491.14	1491.30	1432.37
2019/12/23	1449.5	1450.5	1429.0	1429.0	-20.0	7197900	10336429	35300	198800	5.63	1439.50	1470.88	1492.10	1491.69	1432.21
2019/12/20	1435.0	1449.0	1426.5	1449.0	13.5	14492000	20843140	29000	151200	5.21	1443.90	1473.84	1492.97	1491.86	1431.96
2019/12/19	1442.0	1446.0	1434.0	1435.5	-7.0	7224600	10389161	73500	218900	2.98	1444.50	1476.20	1493.53	1491.88	1431.58
2019/12/18	1439.0	1446.0	1436.5	1442.5	1.0	6593200	9507891	45700	180600	3.95	1448.40	1479.14	1494.23	1491.96	1431.16
2019/12/17	1450.5	1453.0	1436.0	1441.5	-9.5	9544700	13775797	15300	204400	13.36	1450.70	1480.68	1494.92	1491.97	1430.69
2019/12/16	1450.5	1453.5	1448.0	1451.0	-1.0	5422900	7867580	15800	189600	12.00	1453.60	1482.38	1495.77	1491.95	1430.23
2019/12/13	1451.0	1458.5	1450.5	1452.0	-3.0	9590500	13938724	15900	213600	13.43	1457.20	1484.06	1496.49	1491.82	1429.77
2019/12/12	1455.0	1459.0	1451.5	1455.0	1.0	5942600	8643282	27600	185200	6.71	1458.80	1485.54	1497.35	1491.55	1429.15
2019/12/11	1459.5	1463.0	1451.5	1454.0	-2.0	5968600	8685087	18300	137000	7.49	1463.40	1486.76	1498.19	1491.23	1428.32
2019/12/10	1467.5	1471.5	1456.0	1456.0	-13.0	6302100	9211495	8400	127400	15.17	1468.80	1488.82	1498.89	1491.02	1427.48
2019/12/09	1470.0	1471.5	1461.5	1469.0	9.0	7012000	10287965	32300	104500	3.24	1473.60	1490.54	1499.55	1490.81	1426.69
2019/12/06	1482.0	1484.0	1460.0	1460.0	-18.0	8468900	12429303	27200	96400	3.54	1476.50	1491.82	1499.97	1490.54	1425.80
2019/12/05	1485.0	1486.5	1477.0	1478.0	-3.0	6022300	8913146	6800	96900	14.25	1481.70	1492.82	1500.52	1490.33	1424.85
2019/12/04	1478.0	1484.0	1476.5	1481.0	1.0	7507000	11108949	17100	66200	3.87	1485.00	1493.82	1500.75	1489.90	1423.99
2019/12/03	1483.0	1484.0	1480.0	1480.0	-3.5	5077800	7522421	5700	74400	13.05	1488.60	1494.32	1500.97	1489.39	1423.19
2019/12/02	1486.0	1493.5	1483.5	1483.5	-2.5	5080100	7551021	15700	134400	8.56	1493.10	1494.32	1501.22	1489.03	1422.59
2019/11/29	1493.0	1494.0	1485.5	1486.0	-8.5	5987800	8912826	4700	131000	27.87	1496.00	1493.98	1501.37	1488.59	1421.93
2019/11/28	1496.0	1496.5	1488.0	1494.5	-4.5	4664000	6964017	6000	62700	10.45	1498.90	1494.14	1501.45	1488.06	1421.13
2019/11/27	1501.0	1502.0	1493.0	1499.0	-3.5	5011100	7501621	20600	67100	3.26	1499.70	1494.12	1501.20	1487.34	1420.37
2019/11/26	1499.0	1502.5	1493.0	1502.5	4.5	15359700	23043523	22600	50600	2.24	1496.30	1493.40	1500.94	1486.40	1419.77
2019/11/25	1501.5	1505.0	1492.5	1498.0	-2.5	3972900	5948847	11900	54500	4.58	1494.60	1492.94	1500.35	1485.37	1419.36
2019/11/22	1498.0	1503.0	1496.5	1500.5	2.0	5012300	7521595	37500	49900	1.33	1495.60	1493.06	1499.92	1484.41	1418.98
2019/11/21	1485.0	1498.5	1482.0	1498.5	16.5	6314300	9414049	44400	51000	1.15	1497.10	1493.28	1499.58	1483.53	1418.58
2019/11/20	1496.0	1498.5	1481.0	1482.0	-12.0	6915600	10279316	10500	131700	12.54	1499.20	1493.64	1499.19	1482.70	1418.24
2019/11/19	1500.0	1503.0	1493.5	1494.0	-9.0	4499700	6740217	17400	82900	4.76	1499.00	1495.10	1499.03	1481.94	1418.00
2019/11/18	1505.0	1505.0	1497.0	1503.0	-5.0	5585200	8384501	14500	288600	19.90	1497.00	1495.92	1498.63	1481.19	1417.70
2019/11/15	1510.0	1510.0	1499.0	1508.0	-1.0	8565700	12905046	91500	274400	3.00	1495.00	1496.38	1497.86	1480.22	1417.36
2019/11/14	1500.0	1520.0	1499.5	1509.0	28.0	25194200	38042567	228800	92800	0.41	1491.20	1496.20	1497.11	1479.24	1416.97
2019/11/13	1486.0	1488.0	1479.0	1481.0	-3.0	4538200	6732368	14100	108300	7.68	1486.50	1495.70	1496.23	1478.24	1416.58
2019/11/12	1490.0	1490.0	1482.0	1484.0	-9.0	6449300	9574096	17100	117600	6.88	1491.40	1496.30	1495.73	1477.49	1416.30
2019/11/11	1492.5	1496.5	1483.5	1493.0	4.0	5196800	7754671	38900	118800	3.05	1494.40	1496.72	1495.13	1476.78	1415.95
2019/11/08	1492.5	1499.5	1475.0	1489.0	3.5	9213500	13716848	46600	136500	2.93	1496.00	1497.00	1494.40	1475.86	1415.65
2019/11/07	1485.5	1493.5	1473.0	1485.5	-20.0	15461000	22931369	18300	181500	9.92	1495.20	1496.30	1493.55	1475.04	1415.33
2019/11/06	1509.0	1513.0	1499.5	1505.5	6.5	10649900	16031374	25400	140100	5.52	1498.70	1495.44	1492.72	1474.38	1415.05
2019/11/05	1500.5	1506.0	1493.0	1499.0	-2.0	8116500	12159645	54900	348300	6.34	1496.30	1494.60	1491.75	1473.39	1414.75
2019/11/01	1482.0	1502.5	1481.0	1501.0	16.0	6956100	10398921	94700	341100	3.60	1492.50	1496.10	1490.89	1472.70	1414.35
2019/10/31	1499.0	1500.0	1482.5	1485.0	-18.0	7824400	11635290	295700	400700	1.36	1487.30	1497.70	1490.11	1471.98	1413.84
2019/10/30	1490.0	1503.5	1490.0	1503.0	9.5	17417400	26144193	491300	383900	0.78	1488.30	1500.42	1489.50	1471.44	1413.21
2019/10/29	1489.5	1496.5	1487.5	1493.5	13.5	6683300	9972700	450600	379700	0.84	1486.50	1502.26	1488.59	1470.74	1412.46
2019/10/28	1473.5	1489.0	1473.0	1480.0	5.0	5201500	7711214	428100	359000	0.84	1484.00	1503.72	1487.74	1470.05	1411.52
2019/10/25	1488.0	1488.5	1473.0	1475.0	-15.0	6762600	9998045	408100	425600	1.04	1486.20	1506.10	1487.26	1469.35	1410.47
2019/10/24	1497.0	1502.0	1489.0	1490.0	-4.0	5626900	8412009	414300	360100	0.87	1491.40	1508.30	1486.79	1468.78	1409.68
2019/10/23	1490.0	1497.0	1480.5	1494.0	13.0	6138700	9160263	488600	365400	0.75	1494.60	1509.24	1486.03	1468.06	1408.71
2019/10/21	1487.0	1487.0	1472.5	1481.0	-10.0	7486300	11088460	435800	364400	0.84	1497.30	1509.80	1485.08	1467.52	1407.65
2019/10/18	1498.0	1501.0	1487.0	1491.0	-10.0	8566700	12804646	459600	360400	0.78	1504.80	1510.82	1484.07	1467.07	-
2019/10/17	1506.5	1512.0	1499.0	1501.0	-5.0	6750700	10152396	484600	356000	0.73	1509.50	1511.28	1482.85	1466.55	-
2019/10/16	1518.0	1518.0	1502.5	1506.0	-1.5	8223900	12417371	492800	362100	0.73	1512.20	1511.26	1481.53	1465.83	-
2019/10/15	1520.0	1524.5	1507.5	1507.5	-11.0	6778100	10259639	606200	366600	0.60	1511.70	1511.02	1480.27	1465.09	-
2019/10/11	1516.0	1523.0	1513.5	1518.5	4.0	11835500	17965778	750300	334700	0.45	1509.50	1510.98	1479.05	1464.41	-
2019/10/10	1507.5	1514.5	1504.0	1514.5	0.0	6636400	10028341	728700	349900	0.48	1505.00	1510.22	1477.55	1463.43	-
2019/10/09	1498.5	1514.5	1495.5	1514.5	11.0	10608800	16009823	706200	365600	0.52	1501.00	1509.50	1476.27	1462.21	-
2019/10/08	1498.0	1505.0	1497.0	1503.5	7.0	6675800	10022025	496600	347400	0.70	1498.10	1508.70	1474.83	1461.13	-
2019/10/07	1494.0	1503.0	1490.0	1496.5	0.5	6242100	9343765	512400	205500	0.40	1491.70	1508.18	1473.59	1460.24	-
2019/10/04	1496.0	1500.0	1491.0	1496.0	1.5	8856600	13253461	369200	1145300	3.10	1485.20	1507.84	1472.42	1459.67	-
2019/10/03	1488.5	1495.0	1477.5	1494.5	-5.5	7223200	10746381	1260700	1102200	0.87	1482.90	1507.78	1471.22	1459.09	-
2019/10/02	1471.0	1500.0	1471.0	1500.0	28.5	8502200	12672942	1423300	1056300	0.74	1491.30	1508.20	1470.13	1458.39	-
2019/10/01	1474.0	1479.5	1471.0	1471.5	7.5	5271600	7771831	1339000	1119200	0.84	1499.50	1508.40	1468.81	1457.40	-
2019/09/30	1480.0	1481.5	1455.5	1464.0	-20.5	9233500	13531754	1344900	1104500	0.82	1515.80	1510.22	1467.95	1455.80	-
2019/09/27	1495.5	1498.0	1473.0	1484.5	-52.0	15965800	23679794	1413900	1208800	0.85	1532.80	1512.38	1467.36	1454.19	-
2019/09/26	1541.0	1548.5	1532.0	1536.5	-4.5	15724900	24227400	3366100	847000	0.25	1541.90	1513.24	1466.31	1452.46	-
2019/09/25	1550.0	1550.0	1541.0	1541.0	-12.0	12207500	18858954	1338200	1031700	0.77	1542.50	1512.02	1464.89	1450.41	-
2019/09/24	1550.0	1554.5	1536.5	1553.0	4.0	13018500	20179300	1383100	1050600	0.76	1540.30	1510.40	1463.41	1448.40	-
2019/09/20	1530.0	1549.5	1529.5	1549.0	19.0	21892200	33783849	2102000	727200	0.35	1532.40	1508.32	1461.78	1446.14	-
2019/09/19	1537.0	1539.5	1526.0	1530.0	-9.5	12508600	19167520	2167900	960000	0.44	1524.20	1506.18	1460.23	1444.07	-
2019/09/18	1534.0	1541.0	1529.5	1539.5	9.5	13253500	20367107	2218200	766600	0.35	1519.50	1504.86	1458.83	1442.17	-
2019/09/17	1515.0	1534.0	1514.0	1530.0	16.5	18353300	27955095	2676200	782800	0.29	1512.10	1503.24	1457.10	1440.18	-
2019/09/13	1514.0	1514.5	1509.5	1513.5	5.5	10165500	15377057	2625000	704800	0.27	1506.20	1501.84	1455.60	1438.31	-
2019/09/12	1515.5	1516.5	1507.0	1508.0	1.5	9556000	14434280	2586000	736000	0.28	1503.50	1500.98	1454.33	1436.52	-
2019/09/11	1503.0	1511.5	1503.0	1506.5	4.0	8192100	12342387	2261500	674600	0.30	1503.20	1499.68	1453.43	1434.38	-
2019/09/10	1499.5	1506.5	1496.0	1502.5	2.0	7046900	10586265	1328500	705100	0.53	1501.80	1498.60	1452.49	1431.97	-
2019/09/09	1500.0	1502.5	1491.0	1500.5	0.5	7196600	10780508	1435400	718000	0.50	1500.60	1496.84	1451.63	1429.71	-
2019/09/06	1509.5	1518.5	1498.5	1500.0	-6.5	12448600	18767601	1778600	714000	0.40	1499.40	1495.44	1450.69	1427.02	-
2019/09/05	1502.0	1507.0	1499.0	1506.5	7.0	8491500	12771728	1454300	695600	0.48	1497.50	1494.44	1449.78	1424.34	-
2019/09/04	1500.0	1504.0	1499.0	1499.5	3.0	5423600	8139085	1336700	732700	0.55	1493.80	1492.94	1448.89	1421.86	-
2019/09/03	1496.0	1502.0	1495.0	1496.5	2.0	4893500	7335247	1752100	717500	0.41	1492.80	1491.78	1447.83	1419.43	-
2019/09/02	1490.5	1497.5	1488.5	1494.5	4.0	3285700	4911730	1571900	815900	0.52	1494.50	1490.46	1446.45	1416.82	-
2019/08/30	1495.0	1497.5	1490.0	1490.5	2.5	7061700	10540912	1622300	757100	0.47	1496.60	1488.50	1445.27	1414.22	-
2019/08/29	1495.5	1499.0	1484.5	1488.0	-6.5	8614700	12849230	1697100	741100	0.44	1501.90	1486.94	1444.25	1411.49	-
2019/08/28	1502.5	1505.0	1492.5	1494.5	-10.5	9331500	13970291	1910800	774000	0.41	1507.90	1485.16	1443.61	1408.89	-
2019/08/27	1510.0	1511.0	1500.0	1505.0	0.0	8456200	12727900	2057100	804400	0.39	1510.20	1483.10	1442.86	1406.41	-
2019/08/26	1501.5	1508.0	1497.0	1505.0	-12.0	9830500	14794763	2243800	794000	0.35	1510.40	1480.48	1441.78	1403.96	-
2019/08/23	1515.0	1522.0	1511.0	1517.0	-1.0	14020900	21272337	2355500	750300	0.32	1509.50	1477.80	1440.40	1401.78	-
2019/08/22	1506.0	1518.5	1504.0	1518.0	12.0	20954900	31684901	2678100	674400	0.25	1506.30	1474.12	1437.65	1399.64	-
2019/08/21	1502.0	1507.0	1499.0	1506.0	0.0	8327000	12518983	2529100	1065900	0.42	1501.80	1470.34	1434.79	1397.37	-
2019/08/20	1500.0	1506.0	1499.0	1506.0	5.5	10803400	16247936	2552300	1033200	0.40	1500.00	1467.40	1432.20	1395.31	-
2019/08/19	1503.0	1503.0	1495.5	1500.5	-0.5	5526100	8287083	2485800	1050800	0.42	1498.60	1464.56	1429.87	1393.47	-
2019/08/16	1499.5	1505.0	1498.5	1501.0	5.5	9807700	14727670	2536900	966400	0.38	1497.50	1462.22	1427.73	1391.96	-
2019/08/15	1489.0	1498.0	1488.0	1495.5	-1.5	8708600	13004648	2609800	876000	0.34	1495.70	1459.76	1425.41	1390.52	-
2019/08/14	1505.0	1508.0	1493.0	1497.0	-2.0	8970100	13444278	2505400	798000	0.32	1491.70	1457.34	1423.36	1388.95	-
2019/08/13	1493.5	1505.0	1483.5	1499.0	4.0	12117300	18146405	2573000	797400	0.31	1488.20	1454.64	1421.27	1387.32	-
2019/08/09	1497.0	1509.0	1489.0	1495.0	3.0	26446800	39656912	2490400	746800	0.30	1480.10	1452.44	1419.16	1385.64	-
2019/08/08	1477.0	1494.0	1477.0	1492.0	16.5	16572400	24651983	2260200	463200	0.20	1474.20	1450.22	1417.13	1384.17	-
2019/08/07	1482.0	1486.5	1474.5	1475.5	-4.0	11368200	16821524	2208300	435300	0.20	1470.80	1447.86	1415.03	1382.52	-
2019/08/06	1456.5	1487.0	1455.0	1479.5	21.0	25735000	37862213	2263800	420500	0.19	1469.50	1445.76	1412.61	1380.95	-
2019/08/05	1465.0	1465.0	1444.0	1458.5	-7.0	8109900	11790202	1557900	709700	0.46	1467.70	1442.78	1409.75	1379.35	-
2019/08/02	1464.0	1466.5	1458.0	1465.5	-9.5	8485200	12415153	1804300	683800	0.38	1468.70	1440.42	1407.33	1378.06	-
2019/08/01	1466.0	1476.0	1461.0	1475.0	6.0	8819100	12977413	1698200	456200	0.27	1464.70	1437.88	1404.21	1376.79	-
2019/07/31	1470.5	1470.5	1450.5	1469.0	-1.5	9904500	14501382	1997900	476300	0.24	1460.00	1435.36	1400.97	1375.41	-
2019/07/30	1468.0	1478.5	1467.0	1470.5	7.0	12934300	19042192	2153600	469400	0.22	1454.90	1433.22	1398.17	1374.24	-
2019/07/29	1451.5	1466.0	1446.5	1463.5	18.0	12624200	18406582	2246500	1148300	0.51	1449.40	1430.64	1395.31	1373.43	-
2019/07/26	1445.0	1453.5	1441.5	1445.5	-6.0	6618100	9573196	2274500	504800	0.22	1444.60	1428.86	1392.27	1372.73	-
2019/07/25	1450.0	1466.5	1445.5	1451.5	8.0	17842800	26000709	2453800	478400	0.19	1443.10	1427.30	1389.46	1372.07	-
2019/07/24	1444.5	1445.0	1438.5	1443.5	0.5	5526100	7969928	2427000	408300	0.17	1437.80	1425.64	1386.34	1371.28	-
2019/07/23	1440.0	1445.0	1439.0	1443.0	3.5	6427300	9268109	2391900	407200	0.17	1433.80	1424.26	1383.46	1370.37	-
2019/07/22	1435.0	1442.0	1435.0	1439.5	1.5	4609800	6632205	2340000	361800	0.15	1431.70	1422.78	1380.85	1369.41	-
2019/07/19	1425.0	1441.0	1424.5	1438.0	13.0	7148900	10270932	2439900	384300	0.16	1430.80	1421.70	1378.45	1368.51	-
2019/07/18	1424.0	1430.5	1419.0	1425.0	1.5	6710800	9556768	1954900	619800	0.32	1431.60	1420.22	1376.44	1367.72	-
2019/07/17	1429.0	1433.0	1422.0	1423.5	-9.0	5022700	7157663	1864600	430100	0.23	1434.50	1419.52	1374.81	1366.76	-
2019/07/16	1440.0	1443.5	1428.0	1432.5	-2.5	5589900	8017198	1495500	507700	0.34	1436.80	1419.36	1373.04	1365.42	-
2019/07/12	1439.5	1442.5	1434.0	1435.0	-7.0	4388000	6303598	-	-	-	1436.20	1418.30	1371.27	1363.94	-
2019/07/11	1438.0	1445.0	1433.5	1442.0	2.5	8871200	12785418	1653400	410200	0.25	1438.00	1418.10	1369.77	1362.57	-
2019/07/10	1430.0	1443.0	1428.5	1439.5	4.5	7803100	11228557	1807300	402400	0.22	1437.50	1417.60	1368.53	1361.06	-
2019/07/09	1435.0	1440.0	1431.0	1435.0	5.5	5085100	7298196	1666700	421600	0.25	1436.20	1417.26	1367.43	1359.36	-
2019/07/08	1440.0	1441.5	1428.0	1429.5	-14.5	6206200	8886107	1644600	337400	0.21	1433.80	1417.18	1366.15	1358.07	-
2019/07/05	1440.0	1445.0	1437.5	1444.0	4.5	7009400	10100003	1879300	322300	0.17	1428.90	1416.98	1364.87	1357.00	-
2019/07/04	1433.0	1444.0	1431.5	1439.5	6.5	9773800	14060539	1995300	326100	0.16	1420.00	1415.62	1363.37	1356.15	-
2019/07/03	1428.0	1434.5	1423.5	1433.0	10.0	7438700	10636834	2133900	417300	0.20	1412.50	1414.74	1362.15	1355.28	-
2019/07/02	1412.5	1431.0	1408.5	1423.0	18.0	10909900	15495833	1821900	388700	0.21	1408.30	1414.16	1360.74	1354.20	-
2019/07/01	1408.0	1409.0	1400.0	1405.0	5.5	6745000	9475180	1443300	727000	0.50	1406.80	1414.84	1359.34	1353.40	-
2019/06/28	1395.0	1401.5	1392.0	1399.5	-2.5	7504300	10478840	1377900	865400	0.63	1407.00	1416.08	1358.20	1353.13	-
2019/06/27	1406.5	1408.0	1391.0	1402.0	-10.0	9254800	12946400	1465300	678400	0.46	1410.90	1417.64	1357.27	1353.36	-
2019/06/26	1410.0	1414.0	1407.0	1412.0	-3.5	4912900	6927481	1504800	521300	0.35	1411.80	1418.74	1356.42	1353.55	-
2019/06/25	1407.0	1417.0	1407.0	1415.5	9.5	7844800	11093830	1688000	317200	0.19	1411.40	1419.54	1355.43	1353.63	-
2019/06/24	1415.0	1415.5	1405.5	1406.0	-13.0	6307700	8881525	1458200	759900	0.52	1410.10	1420.50	1354.57	1353.79	-
2019/06/21	1409.5	1419.0	1404.5	1419.0	12.5	12465500	17632454	1686000	288300	0.17	1410.10	1421.06	1354.36	1354.06	-
2019/06/20	1410.0	1417.0	1403.0	1406.5	-3.5	6543800	9227894	1529400	414600	0.27	1408.80	1420.02	1354.02	1354.22	-
2019/06/19	1414.0	1414.5	1408.5	1410.0	1.0	4836200	6825679	1528400	314300	0.21	1407.70	1420.00	1353.66	1354.51	-
2019/06/18	1413.5	1415.5	1406.0	1409.0	3.0	4445000	6266987	1527900	413400	0.27	1407.20	1420.18	1353.16	1354.70	-
2019/06/17	1410.0	1415.0	1406.0	1406.0	-6.5	4608600	6494783	1650300	446400	0.27	1409.30	1421.42	1352.40	1354.93	-
2019/06/14	1405.0	1412.5	1396.5	1412.5	11.5	7010200	9867115	1736400	317200	0.18	1409.30	1422.70	1351.61	1355.12	-
2019/06/13	1408.0	1412.0	1397.0	1401.0	-6.5	6835500	9595231	1654100	602600	0.36	1412.80	1423.16	1350.78	1355.13	-
2019/06/12	1413.0	1416.5	1406.0	1407.5	-12.0	5647400	7960894	1745500	462400	0.26	1418.50	1423.18	1350.21	1355.45	-
2019/06/11	1416.0	1424.0	1414.0	1419.5	13.5	7102200	10079688	1724300	230500	0.13	1423.20	1419.32	1349.17	1355.63	-
2019/06/10	1418.0	1420.0	1400.5	1406.0	-24.0	10330000	14549387	1525700	472900	0.31	1425.90	1414.66	1347.43	1355.72	-
2019/06/07	1436.5	1437.5	1421.5	1430.0	0.5	4327200	6181733	1588100	157100	0.10	1429.60	1410.90	1345.82	1356.12	-
2019/06/06	1438.5	1441.0	1428.0	1429.5	-1.5	5353600	7675280	1625700	188400	0.12	1425.60	1406.96	1344.05	1356.01	-
2019/06/05	1440.0	1443.5	1423.0	1431.0	-2.0	9148400	13121647	1630600	193300	0.12	1423.20	1403.38	1342.21	1355.71	-
2019/06/04	1430.0	1436.5	1426.5	1433.0	8.5	7123300	10197191	6022300	196300	0.03	1420.70	1399.22	1340.06	1354.98	-
2019/06/03	1404.0	1424.5	1404.0	1424.5	14.5	6636900	9413644	5899700	222000	0.04	1422.10	1395.56	1338.37	1354.19	-
2019/05/31	1410.0	1420.0	1406.0	1410.0	-7.5	7220800	10185116	5914700	219400	0.04	1424.40	1392.18	1337.00	1352.98	-
2019/05/30	1418.0	1428.0	1409.0	1417.5	-1.0	5554900	7868180	5975100	222900	0.04	1430.10	1389.42	1336.32	1351.59	-
2019/05/29	1431.0	1441.0	1416.0	1418.5	-21.5	7406600	10559912	6119300	223000	0.04	1432.50	1386.44	1335.46	1350.58	-
2019/05/28	1432.0	1440.0	1431.5	1440.0	4.0	9039000	12987596	6208600	158900	0.03	1435.20	1383.06	1334.21	1349.35	-
2019/05/27	1436.0	1444.5	1424.0	1436.0	-2.5	6214900	8899614	6173700	163500	0.03	1435.10	1377.24	1332.92	1347.77	-
2019/05/24	1427.5	1438.5	1423.5	1438.5	9.0	8515700	12188828	5880400	160400	0.03	1431.90	1370.40	1332.15	-	-
2019/05/23	1427.5	1435.0	1416.0	1429.5	-2.5	7974600	11374679	5868600	171900	0.03	1422.80	1363.94	1331.93	-	-
2019/05/22	1440.0	1444.5	1426.5	1432.0	-7.5	7572000	10855388	5985700	169400	0.03	1418.10	1356.02	1331.81	-	-
2019/05/21	1430.0	1445.0	1423.5	1439.5	19.5	16832600	24168155	5971300	164100	0.03	1414.60	1348.00	1331.65	-	-
2019/05/20	1390.0	1423.0	1390.0	1420.0	27.0	9335800	13202278	5628900	234100	0.04	1414.70	1340.78	1331.55	-	-
2019/05/17	1406.0	1410.5	1392.0	1393.0	-13.0	8478400	11861227	5332000	257400	0.05	1418.30	1334.24	1331.73	-	-
2019/05/16	1401.0	1418.5	1395.5	1406.0	-8.5	7654700	10751176	5490400	242100	0.04	1424.50	1327.94	1332.29	-	-
2019/05/15	1439.0	1439.5	1398.5	1414.5	-25.5	14054200	19920344	5644900	232800	0.04	1423.60	1321.08	1332.67	-	-
2019/05/14	1429.0	1450.0	1417.0	1440.0	2.0	23830600	34232320	5681700	168600	0.03	1402.90	1313.20	1332.87	-	-
2019/05/13	1415.0	1448.5	1415.0	1438.0	14.0	19897500	28565384	5294400	915200	0.17	1375.50	1304.70	1332.76	-	-
2019/05/10	1402.0	1442.0	1392.0	1424.0	22.5	37742000	53496573	4975300	714800	0.14	1350.30	1297.06	1332.59	-	-
2019/05/09	1370.0	1420.0	1365.0	1401.5	90.5	62014300	86435204	5339300	117600	0.02	1331.80	1290.48	1332.45	-	-
2019/05/08	1290.0	1312.0	1287.0	1311.0	8.0	7578000	9875390	909600	270500	0.30	1319.50	1285.92	1332.87	-	-
2019/05/07	1315.5	1318.0	1288.0	1303.0	-9.0	12776900	16614385	1042400	320100	0.31	1322.70	1285.60	1334.39	-	-
2019/04/26	1320.0	1325.0	1303.5	1312.0	-19.5	8909900	11706697	1044400	298200	0.29	1330.40	1285.10	1336.07	-	-
2019/04/25	1337.5	1339.5	1308.0	1331.5	-8.5	27752200	36876984	1599700	274900	0.17	1336.00	1284.62	1337.86	-	-
2019/04/24	1333.5	1342.0	1330.5	1340.0	13.0	9787600	13096669	1167300	310300	0.27	1337.90	1284.24	1339.03	-	-
2019/04/23	1341.0	1344.5	1326.0	1327.0	-14.5	8708500	11627419	1216900	305500	0.25	1338.50	1284.62	1339.81	-	-
2019/04/22	1328.0	1344.0	1323.5	1341.5	1.5	7696500	10306738	1172000	277600	0.24	1339.90	1285.82	1340.23	-	-
2019/04/19	1341.0	1346.0	1335.5	1340.0	-1.0	8394100	11247569	1022300	385700	0.38	1330.50	1285.72	1340.39	-	-
2019/04/18	1340.0	1346.5	1333.0	1341.0	-2.0	10098400	13546470	948200	384300	0.41	1315.50	1285.46	1339.91	-	-
2019/04/17	1341.0	1347.5	1332.0	1343.0	9.0	11818500	15845753	793800	396700	0.50	1302.70	1285.08	1338.98	-	-
2019/04/16	1350.0	1361.0	1316.5	1334.0	39.5	28308200	37926125	613200	445800	0.73	1280.40	1285.26	1338.62	-	-
2019/04/15	1265.0	1294.5	1261.5	1294.5	29.5	13097500	16854439	538700	408400	0.76	1259.90	1285.00	1338.11	-	-
2019/04/12	1256.0	1266.0	1246.0	1265.0	-12.0	12973700	16290067	386600	551400	1.43	1252.80	1285.94	1337.95	-	-
2019/04/11	1231.5	1280.0	1231.5	1277.0	45.5	16786100	21172967	440200	429400	0.98	1251.10	1288.12	-	-	-
2019/04/10	1226.5	1241.0	1223.5	1231.5	0.0	8872600	10915102	335700	496000	1.48	1242.80	1290.24	-	-	-
2019/04/09	1259.0	1260.5	1228.5	1231.5	-27.5	11774800	14579379	268500	515900	1.92	1243.40	1294.50	-	-	-
2019/04/08	1256.0	1267.5	1245.0	1259.0	2.5	10157000	12796795	291100	604800	2.08	1240.60	1298.74	-	-	-
2019/04/05	1238.0	1258.0	1237.5	1256.5	21.0	9546900	11929014	599200	584100	0.97	1234.30	1302.44	-	-	-
2019/04/04	1237.0	1243.5	1228.5	1235.5	1.0	7474200	9231660	603400	582900	0.97	1232.40	1307.78	-	-	-
2019/04/03	1220.0	1236.5	1219.5	1234.5	17.0	9301300	11445506	567800	821300	1.45	1237.20	1314.10	-	-	-
2019/04/02	1220.0	1224.0	1215.0	1217.5	-10.0	13588900	16552275	574600	491600	0.86	1247.80	1319.90	-	-	-
2019/04/01	1255.0	1256.5	1224.5	1227.5	-19.5	14756700	18234930	546000	1587700	2.91	1264.90	1326.10	-	-	-
2019/03/29	1260.0	1267.5	1245.5	1247.0	-12.5	9680700	12110075	4582000	1168400	0.25	1277.50	1331.08	-	-	-
2019/03/28	1280.5	1282.5	1259.0	1259.5	-28.0	8626100	10930548	4513400	1182000	0.26	1288.10	1335.08	-	-	-
2019/03/27	1270.0	1292.0	1266.5	1287.5	-15.5	12855300	16396699	4827300	1102300	0.23	1300.60	1338.70	-	-	-
2019/03/26	1297.5	1307.0	1291.5	1303.0	12.5	18289800	23765072	4648600	885700	0.19	1313.00	1341.54	-	-	-
2019/03/25	1290.0	1297.5	1282.0	1290.5	-9.5	11999400	15471719	4704000	1343500	0.29	1323.80	1342.60	-	-	-
2019/03/22	1320.5	1320.5	1297.0	1300.0	-22.0	15963400	20829782	3846100	1105400	0.29	1333.50	1342.54	-	-	-
2019/03/20	1350.5	1354.0	1321.0	1322.0	-27.5	10252800	13636170	3039800	655400	0.22	1340.20	1341.94	-	-	-
2019/03/19	1358.0	1363.0	1348.0	1349.5	-7.5	6293600	8511212	1654000	566100	0.34	1342.10	1340.96	-	-	-
2019/03/18	1344.0	1357.0	1340.5	1357.0	18.0	10523400	14215045	678200	521400	0.77	1341.70	1338.62	-	-	-
2019/03/15	1332.0	1346.0	1330.0	1339.0	5.5	10962000	14676939	638700	568400	0.89	1335.80	1335.14	-	-	-
2019/03/14	1335.0	1344.5	1332.0	1333.5	2.0	7467300	9984747	635600	496500	0.78	1331.60	1333.82	-	-	-
2019/03/13	1344.5	1345.0	1322.0	1331.5	-16.0	8244200	10968763	609600	744000	1.22	1328.80	1333.36	-	-	-
2019/03/12	1334.0	1348.5	1334.0	1347.5	20.0	7532000	10122647	689500	668500	0.97	1328.50	1334.46	-	-	-
2019/03/11	1313.0	1329.5	1313.0	1327.5	9.5	4933800	6529608	683800	547600	0.80	1326.60	1334.68	-	-	-
2019/03/08	1310.0	1337.0	1310.0	1318.0	-1.5	9947500	13123988	709200	828200	1.17	1328.60	1334.58	-	-	-
2019/03/07	1325.0	1331.5	1318.0	1319.5	-10.5	6762700	8937919	900900	990000	1.10	1335.30	1335.58	-	-	-
2019/03/06	1335.0	1341.5	1328.0	1330.0	-8.0	5259200	7006181	902600	895200	0.99	1349.40	1337.92	-	-	-
2019/03/05	1330.0	1347.0	1328.0	1338.0	0.5	6121200	8190684	872200	938100	1.08	1362.10	1341.60	-	-	-
2019/03/04	1351.0	1353.0	1326.0	1337.5	-14.0	12293000	16460312	920700	915800	0.99	1370.40	1344.92	-	-	-
2019/03/01	1389.0	1389.5	1351.5	1351.5	-38.5	12659600	17284846	1232300	1992100	1.62	1377.40	1348.22	-	-	-
2019/02/28	1387.5	1398.0	1377.0	1390.0	-3.5	18941400	26306025	1858100	1636600	0.88	1377.50	1351.44	-	-	-
2019/02/27	1374.0	1399.0	1371.0	1393.5	14.0	14616900	20284135	1778600	1637000	0.92	1368.90	1353.16	-	-	-
2019/02/26	1377.0	1383.0	1367.0	1379.5	7.0	9423500	12969380	2956900	1693300	0.57	1360.20	1354.82	-	-	-
2019/02/25	1353.0	1373.0	1349.0	1372.5	20.5	9006900	12314831	3404300	1757300	0.52	1356.00	1357.04	-	-	-
2019/02/22	1340.0	1354.0	1338.5	1352.0	5.0	5943200	8010745	4403500	1933300	0.44	1347.40	1359.30	-	-	-
2019/02/21	1350.0	1351.0	1336.5	1347.0	-3.0	6547100	8802858	4431400	1819400	0.41	1334.80	1362.50	-	-	-
2019/02/20	1348.0	1358.0	1341.0	1350.0	-8.5	7154500	9650311	5032800	1813600	0.36	1322.40	1365.62	-	-	-
2019/02/19	1329.5	1365.0	1329.5	1358.5	29.0	16840700	22775112	5371600	2074600	0.39	1311.90	1368.18	-	-	-
2019/02/18	1303.0	1330.0	1302.0	1329.5	40.5	8943000	11767556	9072700	2291100	0.25	1298.40	1371.16	-	-	-
2019/02/15	1280.5	1290.0	1275.0	1289.0	4.0	7746300	9928315	9332700	2414100	0.26	1286.50	1374.98	-	-	-
2019/02/14	1297.0	1304.0	1283.5	1285.0	-12.5	8341400	10785830	9710300	2421500	0.25	1289.90	1380.58	-	-	-
2019/02/13	1300.0	1303.0	1289.5	1297.5	6.5	8099900	10503420	9371700	2376100	0.25	1297.30	1387.02	-	-	-
2019/02/12	1277.5	1294.5	1271.0	1291.0	21.0	9507300	12194170	9608900	2357000	0.25	1309.60	1391.88	-	-	-
2019/02/08	1298.0	1298.0	1263.0	1270.0	-36.0	15823100	20241350	9587500	2309800	0.24	1322.00	1396.20	-	-	-
2019/02/07	1311.0	1333.0	1304.0	1306.0	-16.0	15038100	19822674	9581700	2000200	0.21	1333.00	1399.72	-	-	-
2019/02/06	1388.0	1388.0	1314.0	1322.0	-37.0	22047600	29436560	9659300	2069600	0.21	1340.40	1401.64	-	-	-
2019/02/05	1367.0	1367.0	1348.0	1359.0	6.0	12008100	16292346	9246600	1812100	0.20	1351.60	1400.92	-	-	-
2019/02/04	1332.0	1353.0	1331.0	1353.0	28.0	11543200	15514735	9608900	1857100	0.19	1364.20	1397.40	-	-	-
2019/02/01	1334.0	1358.0	1321.0	1325.0	-18.0	19496100	25960203	14712500	1922700	0.13	1377.80	1395.92	-	-	-
2019/01/31	1378.0	1383.0	1334.0	1343.0	-35.0	36657000	49679780	13046300	1841500	0.14	1396.80	1394.76	-	-	-
2019/01/30	1415.0	1421.0	1358.0	1378.0	-44.0	87808500	121188208	7170500	1621700	0.23	1414.60	1392.32	-	-	-
2019/01/29	1420.0	1427.0	1412.0	1422.0	1.0	18749500	26622528	2979600	1211500	0.41	1425.60	-	-	-	-
2019/01/28	1413.0	1431.0	1412.0	1421.0	1.0	20916400	29787554	2919800	1648900	0.56	1428.20	-	-	-	-
2019/01/25	1423.0	1429.0	1417.0	1420.0	-12.0	20894800	29693452	5145500	1799300	0.35	1431.00	-	-	-	-
2019/01/24	1434.0	1444.0	1423.0	1432.0	-1.0	26017500	37408292	5230700	1491300	0.29	1432.80	-	-	-	-
2019/01/23	1431.0	1437.0	1427.0	1433.0	-2.0	13819200	19813036	5703800	1234500	0.22	1432.80	-	-	-	-
2019/01/22	1432.0	1437.0	1431.0	1435.0	0.0	11732600	16821747	8198200	1001100	0.12	1431.20	-	-	-	-
2019/01/21	1431.0	1438.0	1429.0	1435.0	6.0	14247500	20421402	8544700	970500	0.11	1427.00	-	-	-	-
2019/01/18	1429.0	1433.0	1424.0	1429.0	-3.0	15363200	21949628	8515300	963500	0.11	1426.60	-	-	-	-
2019/01/17	1423.0	1434.0	1422.0	1432.0	7.0	13742600	19637711	8615100	940200	0.11	1425.80	-	-	-	-
2019/01/16	1412.0	1425.0	1403.0	1425.0	11.0	24123100	34136765	7538700	909300	0.12	1425.20	-	-	-	-
2019/01/15	1435.0	1439.0	1411.0	1414.0	-19.0	20191400	28681240	8340100	1047800	0.13	1429.40	-	-	-	-
2019/01/11	1430.0	1440.0	1423.0	1433.0	8.0	21687400	31082947	11317700	815400	0.07	1430.40	-	-	-	-
2019/01/10	1410.0	1425.0	1396.0	1425.0	-4.0	17390100	24522718	12417900	582800	0.05	1423.60	-	-	-	-
2019/01/09	1400.0	1439.0	1385.0	1429.0	-17.0	48863500	69264982	11151800	276100	0.02	1410.20	-	-	-	-
2019/01/08	1429.0	1446.0	1391.0	1446.0	27.0	119721000	171584261	0	226400	0.00	1395.20	-	-	-	-
2019/01/07	1434.0	1450.0	1412.0	1419.0	20.0	29481700	42150649	0	223300	0.00	1366.80	-	-	-	-
2019/01/04	1346.0	1399.0	1338.0	1399.0	41.0	31986500	43829826	0	493400	0.00	1337.20	-	-	-	-
2018/12/28	1343.0	1366.0	1336.0	1358.0	4.0	15406300	20852276	0	237100	0.00	1320.60	-	-	-	-
2018/12/27	1350.0	1356.0	1325.0	1354.0	50.0	19368800	26041603	0	250200	0.00	1308.20	-	-	-	-
2018/12/26	1300.0	1315.0	1288.0	1304.0	33.0	12116500	15771568	0	404000	0.00	1293.80	-	-	-	-
2018/12/25	1307.0	1320.0	1240.0	1271.0	-45.0	36914400	47237394	0	414100	0.00	-	-	-	-	-
2018/12/21	1279.0	1375.0	1275.0	1316.0	20.0	65040600	86959149	0	274300	0.00	-	-	-	-	-
2018/12/20	1183.0	1310.0	1176.0	1296.0	14.0	106361400	132774118	0	310100	0.00	-	-	-	-	-
2018/12/19	1463.0	1464.0	1282.0	1282.0	0.0	271497800	384011386	-	-	-	-	-	-	-	-
