日付,始値,高値,安値,終値,出来高,調整後終値
2021/7/2,5456,5529,5456,5528,2486900,5528
2021/7/1,5451,5513,5442,5501,2265400,5501
2021/6/30,5500,5546,5465,5470,2867200,5470
2021/6/29,5470,5563,5434,5506,3297200,5506
2021/6/28,5570,5573,5458,5500,3289600,5500
2021/6/25,5500,5567,5485,5522,2662200,5522
2021/6/24,5580,5587,5507,5525,3631400,5525
2021/6/23,5635,5635,5540,5547,3949200,5547
2021/6/22,5590,5675,5553,5666,4293300,5666
2021/6/21,5392,5419,5341,5390,3998600,5390
2021/6/18,5517,5573,5503,5522,4324000,5522
2021/6/17,5562,5582,5451,5539,2712000,5539
2021/6/16,5600,5661,5572,5636,3750300,5636
2021/6/15,5568,5768,5543,5739,3649900,5739
2021/6/14,5648,5687,5603,5623,2509400,5623
2021/6/11,5795,5803,5653,5658,4526900,5658
2021/6/10,5705,5832,5700,5805,2631800,5805
2021/6/9,5750,5799,5662,5714,2292700,5714
2021/6/8,5766,5811,5716,5761,2931500,5761
2021/6/7,5668,5707,5611,5707,3276200,5707
2021/6/4,5600,5636,5510,5610,3168500,5610
2021/6/3,5646,5720,5614,5693,2567500,5693
2021/6/2,5492,5672,5469,5654,4193800,5654
2021/6/1,5585,5592,5433,5481,2692700,5481
2021/5/31,5634,5660,5548,5555,2662900,5555
2021/5/28,5701,5779,5648,5657,4910000,5657
2021/5/27,5555,5594,5451,5535,6226500,5535
2021/5/26,5600,5714,5570,5655,5636800,5655
2021/5/25,5478,5530,5444,5515,3830600,5515
2021/5/24,5387,5469,5372,5466,3889200,5466
2021/5/21,5301,5404,5230,5367,6474200,5367
2021/5/20,5123,5180,5069,5168,3214300,5168
2021/5/19,5100,5196,5018,5132,4258000,5132
2021/5/18,5026,5168,5018,5131,7659700,5131
2021/5/17,4990,5017,4757,4787,4015600,4787
2021/5/14,4907,4946,4858,4930,4014100,4930
2021/5/13,4950,4965,4854,4874,3673300,4874
2021/5/12,5042,5098,4925,4979,3740200,4979
2021/5/11,5199,5246,4990,5007,4818800,5007
2021/5/10,5260,5280,5236,5257,2655400,5257
2021/5/7,5284,5297,5210,5262,3707200,5262
2021/5/6,5245,5280,5166,5262,5741600,5262
2021/4/30,4975,5000,4916,4939,3036600,4939
2021/4/28,4972,5043,4945,5013,2051600,5013
2021/4/27,4988,5021,4941,4980,2792200,4980
2021/4/26,4983,5052,4936,5038,2162500,5038
2021/4/23,5001,5018,4927,4985,2087400,4985
2021/4/22,5000,5071,4984,5071,2690900,5071
2021/4/21,4920,4958,4857,4895,3147900,4895
2021/4/20,4958,5015,4941,5008,3422000,5008
2021/4/19,5110,5164,5028,5035,3307800,5035
2021/4/16,5186,5210,5097,5114,3141400,5114
2021/4/15,5178,5256,5160,5203,1962400,5203
2021/4/14,5217,5227,5147,5183,2347200,5183
2021/4/13,5217,5326,5211,5271,2611200,5271
2021/4/12,5229,5264,5182,5222,2937600,5222
2021/4/9,5290,5354,5223,5223,3484800,5223
2021/4/8,5237,5261,5153,5256,2661300,5256
2021/4/7,5276,5313,5173,5240,3605100,5240
2021/4/6,5384,5400,5234,5250,2716200,5250
2021/4/5,5429,5456,5315,5334,2315700,5334
2021/4/2,5364,5423,5351,5420,2156200,5420
2021/4/1,5400,5442,5279,5279,3239500,5279
2021/3/31,5356,5494,5328,5401,4143400,5401
2021/3/30,5371,5410,5318,5355,3963800,5355
2021/3/29,5320,5390,5279,5332,4725900,5332
2021/3/26,5203,5294,5195,5294,3144600,5294
2021/3/25,5053,5152,5008,5126,3458200,5126
2021/3/24,5030,5080,4944,4944,2962500,4944
2021/3/23,5199,5206,5109,5110,2984500,5110
2021/3/22,5049,5159,5036,5130,3704200,5130
2021/3/19,5233,5328,5160,5196,5889600,5196
2021/3/18,5250,5410,5231,5333,3420500,5333
2021/3/17,5230,5274,5147,5234,2684200,5234
2021/3/16,5133,5203,5062,5201,3024800,5201
2021/3/15,5110,5217,5086,5139,3297700,5139
2021/3/12,5084,5109,4986,5075,5586400,5075
2021/3/11,4988,5080,4901,5054,4471500,5054
2021/3/10,4989,4989,4878,4919,3561300,4919
2021/3/9,4885,4933,4817,4902,3832400,4902
2021/3/8,5034,5115,4887,4917,4768700,4917
2021/3/5,5167,5178,4867,4931,9184200,4931
2021/3/4,5273,5361,5198,5265,3543500,5265
2021/3/3,5401,5426,5330,5363,2984700,5363
2021/3/2,5500,5500,5310,5385,3341800,5385
2021/3/1,5473,5548,5411,5479,4359900,5479
2021/2/26,5320,5361,5266,5281,6053900,5281
2021/2/25,5550,5568,5471,5515,4195700,5515
2021/2/24,5500,5560,5450,5497,5577400,5497
2021/2/22,5394,5524,5375,5475,3638700,5475
2021/2/19,5350,5363,5293,5305,2796100,5305
2021/2/18,5261,5350,5261,5312,3473800,5312
2021/2/17,5333,5378,5243,5305,4338600,5305
2021/2/16,5242,5345,5226,5284,4888400,5284
2021/2/15,5036,5142,5014,5142,3268600,5142
2021/2/12,5127,5190,5101,5128,6099000,5128
2021/2/10,5065,5118,5040,5100,3591500,5100
2021/2/9,5033,5123,4997,5119,4534300,5119
2021/2/8,4958,5106,4955,4980,4628200,4980
2021/2/5,4798,4935,4798,4921,4755100,4921
2021/2/4,4827,4867,4696,4705,4130900,4705
2021/2/3,4715,4900,4710,4896,5072000,4896
2021/2/2,4700,4703,4634,4696,2906000,4696
2021/2/1,4579,4682,4566,4655,3061400,4655
2021/1/29,4603,4655,4529,4542,3560700,4542
2021/1/28,4500,4629,4500,4593,4790100,4593
2021/1/27,4679,4719,4593,4616,3102900,4616
2021/1/26,4619,4665,4571,4613,3323900,4613
2021/1/25,4671,4686,4648,4673,2130000,4673
2021/1/22,4637,4695,4615,4670,3333800,4670
2021/1/21,4600,4732,4578,4650,3961200,4650
2021/1/20,4607,4634,4538,4566,3363400,4566
2021/1/19,4521,4558,4475,4537,3648900,4537
2021/1/18,4490,4499,4418,4465,3389000,4465
2021/1/15,4586,4627,4484,4533,4007000,4533
2021/1/14,4485,4664,4477,4568,7311800,4568
2021/1/13,4446,4495,4375,4473,4017700,4473
2021/1/12,4450,4450,4339,4376,4004200,4376
2021/1/8,4420,4441,4331,4437,5342600,4437
2021/1/7,4309,4420,4306,4363,7012200,4363
2021/1/6,4184,4236,4177,4217,3274400,4217
2021/1/5,4266,4269,4173,4201,3349200,4201
2021/1/4,4342,4351,4179,4264,2764200,4264
2020/12/30,4398,4399,4288,4321,3458200,4321
2020/12/29,4268,4386,4264,4366,4677600,4366
2020/12/28,4202,4218,4173,4198,2145200,4198
2020/12/25,4200,4203,4151,4187,1269500,4187
2020/12/24,4250,4252,4196,4220,2540600,4220
2020/12/23,4205,4222,4150,4204,3747300,4204
2020/12/22,4173,4176,4109,4135,2982000,4135
2020/12/21,4200,4205,4124,4156,3182600,4156
2020/12/18,4200,4239,4151,4194,6933600,4194
2020/12/17,4081,4129,4045,4106,4038400,4106
2020/12/16,4148,4164,4006,4034,5075500,4034
2020/12/15,4136,4138,4075,4100,4395000,4100
2020/12/14,4205,4212,4132,4136,3463900,4136
2020/12/11,4211,4215,4173,4184,5143000,4184
2020/12/10,4250,4250,4165,4187,6264800,4187
2020/12/9,4105,4212,4092,4204,8484500,4204
2020/12/8,4100,4133,4075,4105,8075600,4105
2020/12/7,4144,4187,4033,4056,14272200,4056
2020/12/4,4071,4118,4053,4077,16382900,4077
2020/12/3,4064,4084,3999,4031,18498900,4031
2020/12/2,4203,4240,4055,4070,13607000,4070
2020/12/1,4177,4341,4153,4273,8650800,4273
2020/11/30,4500,4512,4399,4400,5213300,4400
2020/11/27,4590,4603,4513,4524,4570000,4524
2020/11/26,4599,4630,4579,4600,2572400,4600
2020/11/25,4715,4719,4561,4575,3804900,4575
2020/11/24,4600,4668,4592,4623,5074200,4623
2020/11/20,4467,4541,4459,4505,3716700,4505
2020/11/19,4451,4508,4391,4474,4681300,4474
2020/11/18,4542,4565,4481,4510,3308900,4510
2020/11/17,4600,4624,4546,4588,4917500,4588
2020/11/16,4575,4716,4575,4690,4387600,4690
2020/11/13,4665,4700,4511,4565,4891800,4565
2020/11/12,4700,4734,4609,4665,4258800,4665
2020/11/11,4850,4860,4666,4689,5117000,4689
2020/11/10,4683,4906,4681,4851,8384500,4851
2020/11/9,4440,4557,4416,4530,4100600,4530
2020/11/6,4300,4434,4295,4434,3481200,4434
2020/11/5,4356,4375,4333,4370,3783700,4370
2020/11/4,4328,4378,4287,4362,4607700,4362
2020/11/2,4009,4161,4000,4148,2981700,4148
2020/10/30,4091,4091,3970,3970,3064400,3970
2020/10/29,4099,4099,4033,4052,2156200,4052
2020/10/28,4125,4138,4091,4127,2244500,4127
2020/10/27,4032,4150,4002,4150,2771300,4150
2020/10/26,4210,4228,4151,4151,1522900,4151
2020/10/23,4266,4284,4213,4244,1525800,4244
2020/10/22,4362,4366,4255,4266,1851600,4266
2020/10/21,4380,4406,4340,4350,2474800,4350
2020/10/20,4287,4358,4280,4345,1998000,4345
2020/10/19,4294,4344,4271,4303,1869400,4303
2020/10/16,4236,4272,4202,4242,1811900,4242
2020/10/15,4300,4314,4252,4269,2156300,4269
2020/10/14,4325,4330,4283,4301,2496400,4301
2020/10/13,4288,4337,4268,4319,2112600,4319
2020/10/12,4281,4291,4250,4257,1416200,4257
2020/10/9,4348,4348,4267,4300,2668100,4300
2020/10/8,4296,4322,4281,4309,2252900,4309
2020/10/7,4226,4279,4202,4272,2630900,4272
2020/10/6,4207,4274,4180,4274,2805600,4274
2020/10/5,4162,4179,4136,4176,2595400,4176
2020/10/2,4163,4195,4011,4044,4550700,4044
2020/9/30,4221,4256,4160,4160,3677500,4160
2020/9/29,4200,4277,4167,4250,3385600,4250
2020/9/28,4229,4246,4196,4243,4134700,4243
2020/9/25,4274,4274,4208,4221,2657100,4221
2020/9/24,4273,4280,4184,4204,3079100,4204
2020/9/23,4300,4300,4260,4290,3423600,4290
2020/9/18,4296,4310,4258,4300,4454200,4300
2020/9/17,4261,4285,4193,4233,3529400,4233
2020/9/16,4300,4312,4272,4289,2707300,4289
2020/9/15,4286,4340,4270,4328,3194100,4328
2020/9/14,4263,4309,4235,4296,4264800,4296
2020/9/11,4193,4288,4072,4261,7739900,4261
2020/9/10,4070,4150,4027,4146,4535700,4146
2020/9/9,4070,4104,4027,4042,3765000,4042
2020/9/8,4034,4130,4018,4075,4826100,4075
2020/9/7,3871,4010,3871,3971,2018200,3971
2020/9/4,3948,3973,3927,3941,2118300,3941
2020/9/3,4037,4057,3994,4018,2893300,4018
2020/9/2,4040,4060,4002,4026,2705000,4026
2020/9/1,4000,4058,3990,4053,2903900,4053
2020/8/31,4059,4095,4020,4026,4271400,4026
2020/8/28,3980,4100,3912,3965,7438900,3965
2020/8/27,3980,4038,3955,3982,11788400,3982
2020/8/26,3787,3815,3728,3770,3317800,3770
2020/8/25,3794,3850,3788,3825,2825900,3825
2020/8/24,3749,3788,3738,3750,1762700,3750
2020/8/21,3830,3858,3747,3755,3012400,3755
2020/8/20,3853,3889,3797,3831,4136900,3831
2020/8/19,3764,3827,3748,3818,2643800,3818
2020/8/18,3777,3782,3749,3766,1960600,3766
2020/8/17,3801,3803,3747,3756,2947100,3756
2020/8/14,3884,3915,3815,3879,4203800,3879
2020/8/13,3821,3893,3806,3834,4545100,3834
2020/8/12,3748,3777,3693,3759,3577900,3759
2020/8/11,3682,3738,3626,3736,3979300,3736
2020/8/7,3615,3622,3560,3589,2095000,3589
2020/8/6,3589,3641,3577,3596,1850200,3596
2020/8/5,3621,3637,3572,3608,3547200,3608
2020/8/4,3422,3558,3410,3551,3923700,3551
2020/8/3,3284,3448,3276,3445,4516200,3445
2020/7/31,3355,3409,3264,3268,5307200,3268
2020/7/30,3443,3474,3371,3371,3646500,3371
2020/7/29,3488,3503,3418,3435,3054400,3435
2020/7/28,3606,3606,3523,3524,2138700,3524
2020/7/27,3547,3569,3491,3558,2943500,3558
2020/7/22,3597,3609,3564,3575,2770500,3575
2020/7/21,3599,3646,3581,3625,3911900,3625
2020/7/20,3596,3599,3481,3539,2791600,3539
2020/7/17,3629,3659,3596,3603,2262800,3603
2020/7/16,3677,3698,3606,3627,3108900,3627
2020/7/15,3676,3794,3672,3747,4082600,3747
2020/7/14,3711,3723,3616,3629,3192900,3629
2020/7/13,3654,3726,3634,3726,3417300,3726
2020/7/10,3608,3622,3552,3570,4841000,3570
2020/7/9,3635,3661,3622,3622,3453500,3622
2020/7/8,3651,3658,3601,3630,3982900,3630
2020/7/7,3611,3693,3606,3643,3891400,3643
2020/7/6,3623,3664,3597,3645,3320300,3645
2020/7/3,3662,3665,3587,3642,1895800,3642
2020/7/2,3605,3705,3590,3627,3916300,3627
2020/7/1,3690,3690,3561,3590,3718000,3590
2020/6/30,3732,3742,3671,3682,3877400,3682
2020/6/29,3716,3734,3637,3656,3539600,3656
2020/6/26,3718,3751,3694,3740,4250400,3740
2020/6/25,3775,3779,3675,3694,5080000,3694
2020/6/24,3891,3930,3845,3848,4282300,3848
2020/6/23,3898,3925,3810,3864,4235400,3864
2020/6/22,3825,3876,3810,3836,2359900,3836
2020/6/19,3884,3911,3800,3800,5619800,3800
2020/6/18,3801,3875,3790,3852,4201500,3852
2020/6/17,3822,3859,3778,3821,3885000,3821
2020/6/16,3700,3893,3692,3870,7025600,3870
2020/6/15,3727,3760,3529,3538,8524600,3538
2020/6/12,3713,3820,3685,3813,9639100,3813
2020/6/11,3978,4026,3915,3923,7057700,3923
2020/6/10,3979,4052,3962,4048,5579800,4048
2020/6/9,4000,4010,3952,3980,4319000,3980
2020/6/8,3927,4002,3887,4002,8424200,4002
2020/6/5,3818,3848,3776,3818,5861600,3818
2020/6/4,3957,3972,3801,3874,5787500,3874
2020/6/3,3866,3915,3793,3842,5325600,3842
2020/6/2,3751,3835,3741,3786,4344000,3786
2020/6/1,3703,3788,3686,3751,5166300,3751
2020/5/29,3910,3938,3708,3710,16012900,3710
2020/5/28,3671,3865,3655,3849,11114600,3849
2020/5/27,3618,3630,3542,3596,6022900,3596
2020/5/26,3565,3639,3546,3572,7209300,3572
2020/5/25,3380,3517,3376,3517,5799300,3517
2020/5/22,3343,3379,3307,3330,3528700,3330
2020/5/21,3426,3426,3371,3372,2939300,3372
2020/5/20,3418,3427,3366,3388,3806900,3388
2020/5/19,3438,3462,3376,3394,4835900,3394
2020/5/18,3302,3369,3302,3320,3519200,3320
2020/5/15,3290,3326,3212,3308,5149600,3308
2020/5/14,3308,3315,3201,3204,5167700,3204
2020/5/13,3262,3358,3243,3332,5253000,3332
2020/5/12,3240,3369,3227,3332,4610900,3332
2020/5/11,3200,3394,3196,3312,7419100,3312
2020/5/8,3093,3158,3065,3149,5345200,3149
2020/5/7,3030,3070,3005,3041,4439700,3041
2020/5/1,3182,3182,3053,3073,6255800,3073
2020/4/30,3100,3216,3099,3182,11342300,3182
2020/4/28,2990,2997.5,2897.5,2952,5592300,2952
2020/4/27,2810,2950,2787.5,2937.5,7598200,2937.5
2020/4/24,2730,2765,2700.5,2764,5509400,2764
2020/4/23,2788.5,2813.5,2721,2758.5,6056900,2758.5
2020/4/22,2746.5,2802,2705,2788.5,6299800,2788.5
2020/4/21,2895.5,2914,2731,2788,7657200,2788
2020/4/20,2900,2960.5,2850,2924,5322500,2924
2020/4/17,2861,3012,2845.5,2918.5,11643400,2918.5
2020/4/16,2765,2778.5,2735,2764,6381900,2764
2020/4/15,2770.5,2838.5,2740,2800,9645800,2800
2020/4/14,2540,2711,2504.5,2689.5,8646600,2689.5
2020/4/13,2649,2664.5,2509.5,2514.5,9215000,2514.5
2020/4/10,2755.5,2761.5,2661.5,2733,8056300,2733
2020/4/9,2804,2830,2680,2720.5,7738700,2720.5
2020/4/8,2610.5,2745.5,2552.5,2730,12092500,2730
2020/4/7,2581,2725.5,2546.5,2645,10736900,2645
2020/4/6,2322.5,2464.5,2240.5,2458.5,12593600,2458.5
2020/4/3,2481.5,2498,2330.5,2351.5,11517700,2351.5
2020/4/2,2587,2598.5,2425.5,2431.5,12864000,2431.5
2020/4/1,2757,2774.5,2531.5,2556.5,12148800,2556.5
2020/3/31,2960,2978,2760,2796,11933400,2796
2020/3/30,2900.5,2961,2844,2943.5,7850300,2943.5
2020/3/27,3090,3105,2958.5,3062,9513700,3062
2020/3/26,3001,3024,2828,2911.5,8611900,2911.5
2020/3/25,3090,3136,2996.5,3107,11775500,3107
2020/3/24,2652,2732.5,2630,2720,10882800,2720
2020/3/23,2617,2694,2544.5,2590,11948700,2590
2020/3/19,2901,2950,2442.5,2517,15566100,2517
2020/3/18,2850,2981,2780.5,2851,12817800,2851
2020/3/17,2710,2846.5,2606.5,2706,13875900,2706
2020/3/16,2967,2995,2764.5,2793,7464900,2793
2020/3/13,2789,3086,2610,2937,14243300,2937
2020/3/12,3171,3216,2983.5,3065,10724700,3065
2020/3/11,3422,3438,3286,3293,7219400,3293
2020/3/10,3321,3509,3232,3469,9466500,3469
2020/3/9,3551,3553,3339,3391,11472900,3391
2020/3/6,3791,3822,3702,3761,5772800,3761
2020/3/5,3887,3908,3827,3888,5218300,3888
2020/3/4,3750,3822,3736,3778,3948700,3778
2020/3/3,3915,3924,3803,3804,7248400,3804
2020/3/2,3688,3910,3688,3850,7929600,3850
2020/2/28,3874,3886,3672,3758,11234800,3758
2020/2/27,4100,4112,4003,4014,6857500,4014
2020/2/26,4233,4247,4107,4150,7548500,4150
2020/2/25,4208,4347,4205,4287,6593100,4287
2020/2/21,4509,4530,4478,4488,3212900,4488
2020/2/20,4568,4605,4534,4552,3317800,4552
2020/2/19,4510,4586,4486,4553,4217600,4553
2020/2/18,4550,4615,4492,4500,5140700,4500
2020/2/17,4400,4500,4383,4499,4977000,4499
2020/2/14,4498,4528,4479,4501,3399100,4501
2020/2/13,4520,4552,4515,4546,2936200,4546
2020/2/12,4468,4528,4462,4525,3029000,4525
2020/2/10,4477,4527,4455,4510,2532500,4510
2020/2/7,4570,4577,4502,4520,3638000,4520
2020/2/6,4466,4581,4460,4567,5321000,4567
2020/2/5,4437,4459,4410,4450,3184200,4450
2020/2/4,4307,4382,4292,4360,3749200,4360
2020/2/3,4269,4348,4242,4336,3623500,4336
2020/1/31,4289,4337,4287,4304,3521000,4304
2020/1/30,4359,4363,4273,4295,3759400,4295
2020/1/29,4334,4370,4312,4359,2728200,4359
2020/1/28,4358,4376,4299,4310,3212400,4310
2020/1/27,4340,4405,4287,4394,4446800,4394
2020/1/24,4382,4466,4363,4430,4779900,4430
2020/1/23,4353,4363,4315,4339,4146100,4339
2020/1/22,4225,4356,4220,4353,5131100,4353
2020/1/21,4191,4214,4169,4187,1890300,4187
2020/1/20,4278,4281,4183,4206,2595700,4206
2020/1/17,4236,4248,4188,4237,2803300,4237
2020/1/16,4243,4279,4221,4234,2436300,4234
2020/1/15,4183,4210,4167,4198,2316900,4198
2020/1/14,4225,4232,4201,4214,2756200,4214
2020/1/10,4215,4255,4200,4237,2840900,4237
2020/1/9,4200,4249,4197,4215,3430200,4215
2020/1/8,4105,4187,4001,4155,5383500,4155
2020/1/7,4123,4193,4101,4175,3441300,4175
2020/1/6,4052,4094,4050,4078,3988400,4078
2019/12/30,4137,4137,4083,4099,1961300,4099
2019/12/27,4151,4175,4143,4144,1642700,4144
2019/12/26,4127,4162,4125,4143,1655000,4143
2019/12/25,4150,4157,4118,4127,1469700,4127
2019/12/24,4100,4145,4099,4134,1915700,4134
2019/12/23,4077,4086,4052,4083,2397200,4083
2019/12/20,4075,4082,4032,4049,4314500,4049
2019/12/19,4121,4128,4079,4086,2477400,4086
2019/12/18,4199,4199,4125,4133,2813800,4133
2019/12/17,4165,4195,4130,4188,3083200,4188
2019/12/16,4101,4186,4100,4139,3046300,4139
2019/12/13,4053,4115,4052,4103,7254100,4103
2019/12/12,4050,4109,4019,4025,3684300,4025
2019/12/11,4009,4026,3986,4012,2770400,4012
2019/12/10,3965,4027,3964,4010,2295700,4010
2019/12/9,3996,4000,3971,3988,2021100,3988
2019/12/6,3955,3980,3943,3980,2511900,3980
2019/12/5,3988,3992,3925,3952,2551900,3952
2019/12/4,3966,3990,3933,3969,2778100,3969
2019/12/3,3908,3988,3893,3976,3307900,3976
2019/12/2,3982,4024,3976,3978,3116400,3978
2019/11/29,4030,4037,3937,3962,4473300,3962
2019/11/28,4031,4051,4001,4023,2939400,4023
2019/11/27,4023,4057,4021,4046,3089600,4046
2019/11/26,3975,4039,3969,4020,6154000,4020
2019/11/25,3970,3990,3940,3965,2693900,3965
2019/11/22,3940,3943,3911,3937,2888100,3937
2019/11/21,3934,3962,3895,3955,4935700,3955
2019/11/20,3872,3928,3870,3922,3570200,3922
2019/11/19,3880,3938,3863,3879,5713100,3879
2019/11/18,3780,3873,3775,3873,5554700,3873
2019/11/15,3780,3811,3761,3787,5033300,3787
2019/11/14,3686,3764,3632,3758,6618000,3758
2019/11/13,3753,3779,3671,3686,6098100,3686
2019/11/12,3733,3762,3709,3760,3770700,3760
2019/11/11,3780,3792,3716,3732,5801200,3732
2019/11/8,3750,3790,3742,3780,6913100,3780
2019/11/7,3672,3729,3661,3724,4285800,3724
2019/11/6,3730,3730,3650,3667,3729400,3667
2019/11/5,3650,3730,3644,3718,5879700,3718
2019/11/1,3601,3626,3576,3622,3018500,3622
2019/10/31,3599,3628,3590,3611,4501900,3611
2019/10/30,3557,3592,3550,3588,5129600,3588
2019/10/29,3568,3593,3551,3557,3814700,3557
2019/10/28,3553,3553,3505,3535,2759700,3535
2019/10/25,3531,3562,3516,3544,3620900,3544
2019/10/24,3546,3546,3505,3525,3421900,3525
2019/10/23,3525,3546,3462,3534,4125800,3534
2019/10/21,3472,3560,3470,3532,4303800,3532
2019/10/18,3408,3477,3403,3459,4172300,3459
2019/10/17,3429,3473,3417,3418,4813700,3418
2019/10/16,3483,3494,3450,3458,5397000,3458
2019/10/15,3550,3550,3448,3465,5612200,3465
2019/10/11,3500,3533,3476,3507,7000100,3507
2019/10/10,3474,3486,3447,3472,5384500,3472
2019/10/9,3432,3464,3422,3449,3992200,3449
2019/10/8,3441,3475,3439,3466,5215600,3466
2019/10/7,3395,3425,3391,3417,4084900,3417
2019/10/4,3346,3386,3329,3380,5040500,3380
2019/10/3,3315,3348,3296,3346,5262800,3346
2019/10/2,3331,3383,3317,3370,6354300,3370
2019/10/1,3305,3364,3297,3360,5803100,3360
2019/9/30,3215,3286,3215,3286,5714100,3286
2019/9/27,3256,3269,3202,3241,5539600,3241
2019/9/26,3367,3367,3257,3272,6214100,3272
2019/9/25,3388,3399,3329,3339,6067200,3339
2019/9/24,3416,3425,3359,3383,6803900,3383
2019/9/20,3450,3465,3357,3372,11742500,3372
2019/9/19,3333,3432,3330,3422,14698100,3422
2019/9/18,3250,3319,3250,3319,38159900,3319
2019/9/17,3290,3320,3237,3250,11564700,3250
2019/9/13,3285,3315,3251,3305,17698200,3305
2019/9/12,3180,3243,3176,3237,14418200,3237
2019/9/11,3164,3209,3137,3175,29011700,3175
2019/9/10,3245,3272,3175,3175,14251300,3175
2019/9/9,3269,3303,3251,3261,6851500,3261
2019/9/6,3201,3255,3181,3255,6709400,3255
2019/9/5,3210,3239,3205,3220,5569400,3220
2019/9/4,3182,3199,3178,3188,3043500,3188
2019/9/3,3195,3220,3178,3208,2785500,3208
2019/9/2,3199,3208,3174,3192,3953800,3192
2019/8/30,3191,3221,3156,3219,6820000,3219
2019/8/29,3103,3154,3041,3154,13827700,3154
2019/8/28,3300,3332,3299,3313,2815000,3313
2019/8/27,3348,3361,3272,3307,4852200,3307
2019/8/26,3263,3351,3263,3347,3936800,3347
2019/8/23,3334,3410,3334,3381,2761000,3381
2019/8/22,3371,3432,3368,3388,3692500,3388
2019/8/21,3315,3364,3308,3340,3254600,3340
2019/8/20,3292,3364,3265,3364,4717200,3364
2019/8/19,3375,3390,3260,3311,5460900,3311
2019/8/16,3460,3461,3342,3412,5737200,3412
2019/8/15,3504,3540,3452,3522,4202700,3522
2019/8/14,3590,3613,3571,3599,3914100,3599
2019/8/13,3600,3637,3584,3600,4891800,3600
2019/8/9,3655,3673,3627,3651,3750200,3651
2019/8/8,3606,3646,3593,3601,2483500,3601
2019/8/7,3569,3629,3562,3617,3168700,3617
2019/8/6,3484,3578,3472,3578,3875100,3578
2019/8/5,3613,3656,3553,3615,3591800,3615
2019/8/2,3696,3705,3620,3678,5378100,3678
2019/8/1,3694,3757,3667,3750,3079900,3750
2019/7/31,3644,3733,3631,3718,4226400,3718
2019/7/30,3689,3717,3669,3690,1875100,3690
2019/7/29,3684,3692,3661,3679,1740100,3679
2019/7/26,3706,3718,3639,3684,2195800,3684
2019/7/25,3694,3761,3666,3731,3298000,3731
2019/7/24,3700,3710,3626,3700,3312300,3700
2019/7/23,3587,3669,3583,3664,3991700,3664
2019/7/22,3574,3593,3528,3580,3183000,3580
2019/7/19,3479,3553,3478,3553,3357100,3553
2019/7/18,3550,3553,3430,3448,3596900,3448
2019/7/17,3556,3570,3507,3568,2834400,3568
2019/7/16,3553,3567,3540,3553,1771300,3553
2019/7/12,3598,3598,3545,3550,2531800,3550
2019/7/11,3538,3589,3519,3581,2712100,3581
2019/7/10,3532,3560,3479,3495,4065300,3495
2019/7/9,3563,3582,3538,3567,2601400,3567
2019/7/8,3546,3605,3544,3562,2625000,3562
2019/7/5,3555,3582,3528,3571,2807700,3571
2019/7/4,3635,3652,3584,3599,2353300,3599
2019/7/3,3625,3642,3600,3629,2835400,3629
2019/7/2,3630,3664,3596,3624,3787700,3624
2019/7/1,3601,3639,3570,3628,3196700,3628
2019/6/28,3590,3606,3555,3594,5060100,3594
2019/6/27,3558,3586,3534,3584,3356200,3584
2019/6/26,3548,3563,3510,3524,2997600,3524
2019/6/25,3551,3589,3550,3578,2628100,3578
2019/6/24,3525,3581,3502,3579,2787500,3579
2019/6/21,3560,3564,3498,3501,4473800,3501
2019/6/20,3545,3583,3542,3565,2620600,3565
2019/6/19,3519,3535,3473,3529,3028400,3529
2019/6/18,3549,3562,3469,3483,3705300,3483
2019/6/17,3477,3500,3467,3486,2826100,3486
2019/6/14,3488,3511,3438,3511,4221100,3511
2019/6/13,3423,3516,3421,3478,3172100,3478
2019/6/12,3502,3552,3456,3459,4234100,3459
2019/6/11,3460,3497,3438,3491,2481500,3491
2019/6/10,3418,3493,3407,3479,4259400,3479
2019/6/7,3404,3414,3350,3374,2556000,3374
2019/6/6,3397,3414,3362,3371,4936400,3371
2019/6/5,3352,3426,3341,3426,5014700,3426
2019/6/4,3489,3489,3291,3295,6937900,3295
2019/6/3,3445,3497,3427,3497,3451500,3497
2019/5/31,3470,3516,3444,3468,5516100,3468
2019/5/30,3597,3600,3486,3519,4008100,3519
2019/5/29,3600,3629,3567,3613,3882000,3613
2019/5/28,3600,3622,3591,3617,10046500,3617
2019/5/27,3548,3581,3520,3569,2056600,3569
2019/5/24,3484,3548,3479,3548,3534500,3548
2019/5/23,3564,3610,3545,3554,4805700,3554
2019/5/22,3519,3572,3505,3550,5662300,3550
2019/5/21,3498,3519,3479,3519,4762100,3519
2019/5/20,3500,3510,3473,3485,3696500,3485
2019/5/17,3446,3529,3440,3500,7452000,3500
2019/5/16,3294,3416,3261,3413,7260400,3413
2019/5/15,3248,3275,3165,3269,6107400,3269
2019/5/14,3192,3243,3168,3222,6453400,3222
2019/5/13,3283,3330,3235,3276,3078000,3276
2019/5/10,3319,3328,3255,3286,4304100,3286
2019/5/9,3350,3365,3273,3295,4610600,3295
2019/5/8,3279,3329,3264,3327,6815300,3327
2019/5/7,3330,3332,3278,3288,4045400,3288
2019/4/26,3291,3336,3277,3329,4112800,3329
2019/4/25,3293,3315,3268,3290,4151400,3290
2019/4/24,3228,3315,3220,3303,5912300,3303
2019/4/23,3185,3218,3167,3215,3360100,3215
2019/4/22,3160,3191,3150,3167,1487500,3167
2019/4/19,3162,3191,3158,3180,2070500,3180
2019/4/18,3156,3180,3145,3151,2558800,3151
2019/4/17,3157,3179,3135,3165,2743600,3165
2019/4/16,3153,3175,3146,3165,2072500,3165
2019/4/15,3172,3202,3145,3182,4495100,3182
2019/4/12,3107,3107,3065,3102,4279600,3102
2019/4/11,3079,3114,3052,3053,3118000,3053
2019/4/10,3040,3054,3022,3047,2424800,3047
2019/4/9,3054,3067,3036,3059,2481300,3059
2019/4/8,3070,3070,3034,3060,2806800,3060
2019/4/5,3104,3107,3047,3061,2784900,3061
2019/4/4,3105,3107,3067,3083,2376200,3083
2019/4/3,3101,3112,3052,3096,3675200,3096
2019/4/2,3200,3202,3075,3086,3979900,3086
2019/4/1,3184,3211,3146,3154,4671800,3154
2019/3/29,3133,3174,3133,3161,4018200,3161
2019/3/28,3097,3117,3059,3107,3979300,3107
2019/3/27,3139,3162,3118,3136,3870200,3136
2019/3/26,3045,3113,3039,3111,5354800,3111
2019/3/25,3078,3081,2998,3015,4976300,3015
2019/3/22,3186,3186,3151,3171,3180900,3171
2019/3/20,3137,3172,3124,3169,2681600,3169
2019/3/19,3145,3149,3108,3147,2296400,3147
2019/3/18,3116,3148,3109,3146,2733300,3146
2019/3/15,3077,3142,3054,3118,6696600,3118
2019/3/14,3069,3089,3055,3067,3248300,3067
2019/3/13,3049,3075,3009,3038,3891700,3038
2019/3/12,3015,3056,3003,3015,4350100,3015
2019/3/11,2958,2978,2919.5,2968,3135600,2968
2019/3/8,3001,3008,2961,2971,6971000,2971
2019/3/7,3115,3117,3064,3078,4546500,3078
2019/3/6,3198,3215,3159,3164,3832400,3164
2019/3/5,3161,3189,3151,3181,2876800,3181
2019/3/4,3180,3192,3157,3160,2885700,3160
2019/3/1,3129,3172,3123,3142,3454800,3142
2019/2/28,3100,3173,3095,3114,5644600,3114
2019/2/27,3109,3110,3068,3085,3779100,3085
2019/2/26,3112,3143,3083,3096,4146000,3096
2019/2/25,3033,3092,3030,3072,3007300,3072
2019/2/22,3019,3034,3014,3016,2265700,3016
2019/2/21,3024,3037,2984.5,3018,3098200,3018
2019/2/20,2986.5,3025,2966,3025,3316900,3025
2019/2/19,2985.5,2992.5,2956,2962,2097600,2962
2019/2/18,2972,2978,2930.5,2962,2850700,2962
2019/2/15,2973,2987,2875.5,2892,4859200,2892
2019/2/14,3050,3067,2960,3016,5746600,3016
2019/2/13,3000,3100,2999.5,3098,6155300,3098
2019/2/12,2910.5,2977.5,2897.5,2959,5239100,2959
2019/2/8,2886,2915.5,2850,2861,3777400,2861
2019/2/7,2947,2951.5,2884,2916,2458000,2916
2019/2/6,2983,2991,2948,2963.5,2482800,2963.5
2019/2/5,3000,3008,2953.5,2960.5,2375300,2960.5
2019/2/4,2939,2984.5,2931.5,2969.5,3008700,2969.5
2019/2/1,2912.5,2960.5,2906,2944,3603200,2944
2019/1/31,2880,2943.5,2870,2912.5,4972500,2912.5
2019/1/30,2810,2832.5,2792,2819.5,3162900,2819.5
2019/1/29,2790,2811.5,2770.5,2808,3252100,2808
2019/1/28,2808,2819.5,2780,2791.5,3927400,2791.5
2019/1/25,2748,2797.5,2743,2777.5,5294100,2777.5
2019/1/24,2761,2770,2713,2743,7852500,2743
2019/1/23,2838.5,2864.5,2810.5,2846.5,2654000,2846.5
2019/1/22,2880,2905.5,2841,2855.5,2343000,2855.5
2019/1/21,2902,2944,2860.5,2869.5,2735400,2869.5
2019/1/18,2835,2869,2812.5,2869,2906100,2869
2019/1/17,2875.5,2880,2805,2828.5,3214600,2828.5
2019/1/16,2886.5,2905.5,2843.5,2874.5,2548500,2874.5
2019/1/15,2838,2899.5,2814,2871,4444200,2871
2019/1/11,2930.5,2950,2844.5,2852,5345800,2852
2019/1/10,2880.5,2898.5,2864.5,2880.5,4210100,2880.5
2019/1/9,2812,2907,2806,2886,5452000,2886
2019/1/8,2773,2782.5,2711.5,2744,4205300,2744
2019/1/7,2679.5,2737,2670.5,2723,4627200,2723
2019/1/4,2572.5,2599,2547,2581,5768000,2581
2018/12/28,2671,2691.5,2606.5,2662.5,7169500,2662.5
2018/12/27,2748,2784.5,2701,2759.5,5599100,2759.5
2018/12/26,2574.5,2628.5,2527.5,2598,5155900,2598
2018/12/25,2584.5,2598.5,2530,2541.5,5615100,2541.5
2018/12/21,2729.5,2736,2653.5,2705,8835900,2705
2018/12/20,2701,2785.5,2680.5,2704,7484200,2704
2018/12/19,2756.5,2769,2694.5,2757,8221700,2757
2018/12/18,2897,2903.5,2780,2787,6783400,2787
2018/12/17,3019,3023,2952,2991.5,2899600,2991.5
2018/12/14,3093,3117,3017,3017,6797300,3017
2018/12/13,3150,3158,3064,3119,3345100,3119
2018/12/12,3056,3133,3047,3110,4883200,3110
2018/12/11,3028,3064,2991.5,3008,4690900,3008
2018/12/10,2951,3032,2951,2995,4596200,2995
2018/12/7,3035,3105,3031,3082,3970000,3082
2018/12/6,3072,3077,2983,3007,4857300,3007
2018/12/5,3022,3141,3018,3092,3801800,3092
2018/12/4,3200,3220,3078,3078,6250400,3078
2018/12/3,3200,3246,3123,3242,5551000,3242
2018/11/30,3060,3136,3050,3123,7563700,3123
2018/11/29,3014,3126,3013,3083,6779300,3083
2018/11/28,2859.5,2943,2844,2938,6393100,2938
2018/11/27,2870.5,2884,2785.5,2795,4252100,2795
2018/11/26,2903.5,2909,2837.5,2837.5,4916000,2837.5
2018/11/22,2881,2930,2857,2921,2991700,2921
2018/11/21,2740,2876,2739,2861.5,5251400,2861.5
2018/11/20,2994,2995.5,2880,2884,4905000,2884
2018/11/19,2991,3077,2975,3066,2875700,3066
2018/11/16,3050,3077,2984.5,3021,4439300,3021
2018/11/15,2916,3024,2907,3022,6291700,3022
2018/11/14,3105,3117,2831,2866,8944700,2866
2018/11/13,2937,3003,2893,2957.5,5647400,2957.5
2018/11/12,3053,3097,3018,3028,3387300,3028
2018/11/9,3210,3224,3057,3062,5270200,3062
2018/11/8,3156,3202,3125,3188,6401700,3188
2018/11/7,3029,3046,2998,3016,4075700,3016
2018/11/6,2994.5,3019,2988.5,3010,3291300,3010
2018/11/5,3042,3069,2974,2992,4205100,2992
2018/11/2,3000,3093,2984,3087,5955400,3087
2018/11/1,3086,3103,2959,2984,6277200,2984
2018/10/31,2966.5,3040,2926.5,3037,10843200,3037
2018/10/30,2698,2893.5,2688.5,2870,14675500,2870
2018/10/29,2846,2868.5,2697.5,2701.5,7720900,2701.5
2018/10/26,3000,3025,2835,2846.5,10389600,2846.5
2018/10/25,3090,3107,2968.5,2996.5,8737000,2996.5
2018/10/24,3215,3251,3147,3191,4920000,3191
2018/10/23,3295,3295,3206,3213,4240300,3213
2018/10/22,3298,3329,3240,3311,2554600,3311
2018/10/19,3253,3314,3240,3308,3897400,3308
2018/10/18,3418,3433,3303,3321,3814800,3321
2018/10/17,3362,3398,3343,3380,4705100,3380
2018/10/16,3374,3392,3303,3335,5085700,3335
2018/10/15,3432,3480,3405,3410,4074300,3410
2018/10/12,3385,3502,3379,3469,6257900,3469
2018/10/11,3512,3545,3425,3440,7069900,3440
2018/10/10,3670,3683,3588,3620,3837400,3620
2018/10/9,3655,3655,3593,3637,5013800,3637
2018/10/5,3683,3717,3671,3694,3409800,3694
2018/10/4,3770,3777,3671,3687,4541300,3687
2018/10/3,3756,3791,3736,3746,3883300,3746
2018/10/2,3840,3840,3751,3751,4490500,3751
2018/10/1,3795,3845,3776,3826,3528000,3826
2018/9/28,3771,3815,3743,3792,5970000,3792
2018/9/27,3730,3778,3681,3685,5708300,3685
2018/9/26,3812,3839,3781,3817,5460000,3817
2018/9/25,3735,3798,3712,3793,6750100,3793
2018/9/21,3693,3748,3658,3685,11240900,3685
2018/9/20,3680,3709,3647,3690,6035900,3690
2018/9/19,3580,3680,3570,3665,7125300,3665
2018/9/18,3531,3533,3463,3468,6976400,3468
2018/9/14,3528,3616,3501,3540,7942900,3540
2018/9/13,3520,3573,3491,3500,4800100,3500
2018/9/12,3510,3530,3469,3517,4484900,3517
2018/9/11,3465,3519,3439,3510,4745700,3510
2018/9/10,3380,3424,3369,3415,2517400,3415
2018/9/7,3401,3429,3380,3411,2441100,3411
2018/9/6,3384,3421,3374,3410,2798500,3410
2018/9/5,3379,3426,3354,3410,3068000,3410
2018/9/4,3420,3454,3385,3391,3529000,3391
2018/9/3,3368,3411,3324,3396,2560400,3396
2018/8/31,3378,3396,3358,3387,4037600,3387
2018/8/30,3419,3430,3342,3380,19936200,3380
2018/8/29,3432,3455,3395,3399,3474600,3399
2018/8/28,3483,3484,3430,3430,3718800,3430
2018/8/27,3445,3469,3421,3457,3052800,3457
2018/8/24,3344,3440,3331,3433,4042400,3433
2018/8/23,3300,3336,3278,3328,3840600,3328
2018/8/22,3233,3293,3229,3290,2993900,3290
2018/8/21,3225,3262,3205,3221,3360700,3221
2018/8/20,3300,3307,3227,3253,2486200,3253
2018/8/17,3303,3345,3278,3278,3398100,3278
2018/8/16,3305,3329,3260,3290,5434000,3290
2018/8/15,3250,3304,3207,3303,4099600,3303
2018/8/14,3245,3254,3126,3254,4937100,3254
2018/8/13,3186,3355,3184,3213,10521200,3213
2018/8/10,3100,3100,3028,3035,4162300,3035
2018/8/9,3050,3091,3030,3078,2194500,3078
2018/8/8,3082,3125,3052,3056,2481700,3056
2018/8/7,3106,3117,3084,3106,1954700,3106
2018/8/6,3070,3108,3058,3074,1742300,3074
2018/8/3,3100,3136,3078,3101,2275100,3101
2018/8/2,3100,3148,3093,3101,2623200,3101
2018/8/1,3072,3104,3061,3080,3166200,3080
2018/7/31,3051,3071,3002,3055,4422600,3055
2018/7/30,3150,3159,3093,3095,2609900,3095
2018/7/27,3184,3205,3164,3205,1578000,3205
2018/7/26,3195,3210,3158,3166,2701300,3166
2018/7/25,3163,3185,3148,3164,1961600,3164
2018/7/24,3173,3178,3125,3139,2414000,3139
2018/7/23,3150,3192,3142,3155,2771000,3155
2018/7/20,3194,3224,3150,3200,3158500,3200
2018/7/19,3148,3231,3144,3207,4482400,3207
2018/7/18,3195,3199,3144,3151,2292400,3151
2018/7/17,3151,3194,3135,3179,2893000,3179
2018/7/13,3028,3138,3013,3127,4374300,3127
2018/7/12,2996,3038,2970.5,2978,3785500,2978
2018/7/11,3000,3052,2912.5,2950.5,5917100,2950.5
2018/7/10,3064,3115,3051,3093,3760700,3093
2018/7/9,3019,3054,2981.5,3050,2735500,3050
2018/7/6,3010,3017,2955,2996.5,4466600,2996.5
2018/7/5,3020,3063,2996.5,3042,4428900,3042
2018/7/4,2981,3025,2932.5,3007,4725300,3007
2018/7/3,3059,3137,3037,3086,4197600,3086
2018/7/2,3066,3105,3019,3029,3193400,3029
2018/6/29,3075,3083,3027,3066,3071500,3066
2018/6/28,3046,3086,3022,3071,3646600,3071
2018/6/27,3057,3109,3045,3060,3703300,3060
2018/6/26,3107,3117,3057,3068,3881700,3068
2018/6/25,3196,3197,3137,3146,2356900,3146
2018/6/22,3204,3214,3178,3187,3831600,3187
2018/6/21,3147,3223,3134,3205,3482300,3205
2018/6/20,3119,3138,3087,3132,2987700,3132
2018/6/19,3140,3182,3088,3088,3734900,3088
2018/6/18,3154,3184,3144,3179,2102700,3179
2018/6/15,3173,3193,3133,3182,3095600,3182
2018/6/14,3197,3215,3167,3173,4048000,3173
2018/6/13,3130,3191,3126,3187,4011400,3187
2018/6/12,3099,3138,3081,3124,4689500,3124
2018/6/11,3020,3069,3012,3056,2856100,3056
2018/6/8,2973.5,3027,2963.5,3009,4637800,3009
2018/6/7,3011,3034,2971,2989,3879500,2989
2018/6/6,3012,3012,2961.5,2983,3849100,2983
2018/6/5,3049,3049,3005,3016,2999600,3016
2018/6/4,3044,3050,3002,3020,2915400,3020
2018/6/1,3022,3069,3003,3035,4618800,3035
2018/5/31,2988.5,3036,2941.5,3030,10161800,3030
2018/5/30,2931.5,2959.5,2913,2938.5,4311900,2938.5
2018/5/29,3002,3011,2954,2978,4485600,2978
2018/5/28,3032,3062,3002,3019,3276800,3019
2018/5/25,3005,3059,2992,3032,4212500,3032
2018/5/24,2993,3007,2981.5,3001,4325000,3001
2018/5/23,2950,3006,2925.5,2993.5,7158000,2993.5
2018/5/22,2945,2963,2909.5,2913.5,4019700,2913.5
2018/5/21,2900.5,2946.5,2894,2942,3948600,2942
2018/5/18,2905,2926.5,2880.5,2897,4924900,2897
2018/5/17,2880,2900,2832.5,2900,6112900,2900
2018/5/16,2792.5,2869.5,2750,2865,7674000,2865
2018/5/15,2807.5,2849.5,2648,2745,7986800,2745
2018/5/14,2805,2827,2787.5,2815,3117400,2815
2018/5/11,2800,2808.5,2785.5,2801,4379900,2801
2018/5/10,2760,2799.5,2759,2771,4614300,2771
2018/5/9,2650,2731.5,2607.5,2717,5415200,2717
2018/5/8,2595,2642,2570,2637.5,2783100,2637.5
2018/5/7,2600,2610.5,2579,2605,2310900,2605
2018/5/2,2575,2597.5,2558,2593,2590600,2593
2018/5/1,2530.5,2577.5,2525.5,2567.5,3153200,2567.5
2018/4/27,2578.5,2583,2527,2527,3295800,2527
2018/4/26,2562.5,2577,2534,2547,2850200,2547
2018/4/25,2571,2580,2527.5,2550,3043900,2550
2018/4/24,2562.5,2605,2558.5,2598.5,3336400,2598.5
2018/4/23,2570.5,2593.5,2548.5,2550,3018700,2550
2018/4/20,2610,2610,2567.5,2572,3601700,2572
2018/4/19,2684,2692.5,2572.5,2574,4803700,2574
2018/4/18,2585.5,2663,2582,2655.5,3871700,2655.5
2018/4/17,2571,2595.5,2568,2573.5,3122400,2573.5
2018/4/16,2567.5,2596.5,2551.5,2579,2611600,2579
2018/4/13,2614.5,2619.5,2523,2525.5,4457500,2525.5
2018/4/12,2590,2627.5,2571.5,2598,3302500,2598
2018/4/11,2599,2600.5,2534,2589.5,4925600,2589.5
2018/4/10,2710,2717,2621.5,2622.5,4345300,2622.5
2018/4/9,2677,2727,2667.5,2708,3785900,2708
2018/4/6,2662,2689,2652,2656.5,3810100,2656.5
2018/4/5,2650,2681,2630,2667.5,3380500,2667.5
2018/4/4,2629.5,2642.5,2606,2630,3512600,2630
2018/4/3,2606,2637.5,2590.5,2616,3798700,2616
2018/4/2,2643,2681.5,2626.5,2646,2324500,2646
2018/3/30,2633,2654,2611,2644.5,4174200,2644.5
2018/3/29,2549.5,2626,2545,2624,6217200,2624
2018/3/28,2558.5,2578,2472,2492,6329900,2492
2018/3/27,2579,2614,2545,2610.5,6619400,2610.5
2018/3/26,2452.5,2547,2450.5,2543.5,5943900,2543.5
2018/3/23,2500,2524.5,2447.5,2468,9512300,2468
2018/3/22,2546.5,2598,2543.5,2593,5347800,2593
2018/3/20,2478.5,2504.5,2455,2496.5,3503300,2496.5
2018/3/19,2504.5,2539,2495.5,2503.5,3886300,2503.5
2018/3/16,2546,2571,2528,2555,6146900,2555
2018/3/15,2468.5,2516,2464,2508,4188300,2508
2018/3/14,2441.5,2487,2439,2478,4926600,2478
2018/3/13,2431.5,2465.5,2428,2462,5914100,2462
2018/3/12,2465,2477,2425,2425.5,6465900,2425.5
2018/3/9,2460,2481.5,2419,2425,8140900,2425
2018/3/8,2542.5,2547,2451.5,2453.5,4708600,2453.5
2018/3/7,2497.5,2537.5,2488.5,2517,4200900,2517
2018/3/6,2550.5,2574,2516.5,2517.5,4433800,2517.5
2018/3/5,2441.5,2475,2440,2462,3449600,2462
2018/3/2,2450,2483.5,2434.5,2459.5,5167500,2459.5
2018/3/1,2558.5,2568,2521,2536,3138200,2536
2018/2/28,2638,2664.5,2588.5,2592,3621100,2592
2018/2/27,2684,2687,2625,2646,3073200,2646
2018/2/26,2675.5,2684.5,2652.5,2667.5,2528700,2667.5
2018/2/23,2631.5,2655,2609,2647.5,2512300,2647.5
2018/2/22,2669.5,2684,2615,2629.5,3507400,2629.5
2018/2/21,2633.5,2677.5,2606.5,2660,3903500,2660
2018/2/20,2672.5,2677.5,2624,2651.5,3495500,2651.5
2018/2/19,2610,2678.5,2593,2677.5,3105100,2677.5
2018/2/16,2536.5,2615.5,2536,2574.5,4795100,2574.5
2018/2/15,2488,2569.5,2400,2535,7090000,2535
2018/2/14,2400,2430.5,2370,2388,4347300,2388
2018/2/13,2473.5,2488.5,2414.5,2422.5,5152600,2422.5
2018/2/9,2406.5,2449.5,2401,2445,6600800,2445
2018/2/8,2499.5,2536,2488.5,2514.5,4032300,2514.5
2018/2/7,2510.5,2594,2470.5,2473,6890900,2473
2018/2/6,2470,2514.5,2384,2454,8030800,2454
2018/2/5,2646.5,2665,2594.5,2600,3946300,2600
2018/2/2,2710.5,2728,2665,2704.5,3408800,2704.5
2018/2/1,2666.5,2750.5,2662.5,2748.5,3080200,2748.5
2018/1/31,2714,2722.5,2655.5,2659,4250500,2659
2018/1/30,2800,2807.5,2720.5,2724.5,3564100,2724.5
2018/1/29,2820,2836,2804.5,2815.5,3999200,2815.5
2018/1/26,2775.5,2813,2764,2807,4683800,2807
2018/1/25,2740,2765,2710.5,2745,3319900,2745
2018/1/24,2778.5,2803,2755.5,2760.5,4797100,2760.5
2018/1/23,2766,2799.5,2766,2789,5375400,2789
2018/1/22,2806,2811,2789,2797.5,2256200,2797.5
2018/1/19,2782,2820,2779,2805,2345900,2805
2018/1/18,2839,2840,2764,2771.5,4320600,2771.5
2018/1/17,2820,2829.5,2800,2819.5,3974200,2819.5
2018/1/16,2807.5,2834,2790,2815,2197700,2815
2018/1/15,2752,2816.5,2752,2809,3127300,2809
2018/1/12,2780,2783,2746,2752,3657600,2752
2018/1/11,2785,2809.5,2776,2782.5,2866500,2782.5
2018/1/10,2798,2805.5,2777,2783,2611200,2783
2018/1/9,2855,2855,2798,2799,3403400,2799
2018/1/5,2836.5,2843,2815.5,2827,3186800,2827
2018/1/4,2846.5,2859.5,2807,2836,4153000,2836
2017/12/29,2820.5,2836.5,2796,2800,1760700,2800
2017/12/28,2836,2847,2806,2813,1553200,2813
2017/12/27,2875.5,2877.5,2830.5,2841,2011100,2841
2017/12/26,2830,2869.5,2820.5,2866.5,3390400,2866.5
2017/12/25,2828,2829.5,2794,2822.5,1682300,2822.5
2017/12/22,2820,2827.5,2790.5,2824,2617400,2824
2017/12/21,2751.5,2795.5,2736.5,2793,2505800,2793
2017/12/20,2769,2789,2756,2758,3566100,2758
2017/12/19,2824,2839.5,2813,2815,3745200,2815
2017/12/18,2767.5,2822.5,2748,2814.5,5456300,2814.5
2017/12/15,2772,2777,2699.5,2750,5354200,2750
2017/12/14,2739,2761.5,2732.5,2754.5,3358200,2754.5
2017/12/13,2730.5,2754,2728.5,2742,3385000,2742
2017/12/12,2717.5,2738.5,2706.5,2734,3978500,2734
2017/12/11,2683.5,2711.5,2673,2705.5,3409100,2705.5
2017/12/8,2628,2705,2624.5,2701.5,8012800,2701.5
2017/12/7,2587,2624,2578,2611.5,4313200,2611.5
2017/12/6,2590,2634,2553.5,2564,6100300,2564
2017/12/5,2585,2600.5,2541,2572.5,6484700,2572.5
2017/12/4,2705.5,2707.5,2643.5,2647,4719900,2647
2017/12/1,2750,2762.5,2657.5,2673,8015200,2673
2017/11/30,2657,2680,2551.5,2647,18087900,2647
2017/11/29,2660,2730,2660,2681.5,5344200,2681.5
2017/11/28,2626,2647.5,2626,2644,4150000,2644
2017/11/27,2640,2641.5,2594,2614.5,3706300,2614.5
2017/11/24,2619,2642,2592,2633,3702800,2633
2017/11/22,2662,2665,2620.5,2626.5,4830300,2626.5
2017/11/21,2681.5,2684.5,2635,2642,5056500,2642
2017/11/20,2678,2684,2650.5,2666,2964000,2666
2017/11/17,2730,2759.5,2665,2678.5,6910300,2678.5
2017/11/16,2641,2695.5,2634,2680,7349800,2680
2017/11/15,2710,2740,2601,2634,11324500,2634
2017/11/14,2770,2770,2734,2739.5,5144000,2739.5
2017/11/13,2715.5,2757,2708.5,2739,4498800,2739
2017/11/10,2686.5,2729,2685,2723,6739200,2723
2017/11/9,2735,2763.5,2681.5,2725.5,8865500,2725.5
2017/11/8,2740,2746.5,2733.5,2745,4351600,2745
2017/11/7,2730,2746.5,2728.5,2743,6392700,2743
2017/11/6,2756.5,2756.5,2731,2737,6160800,2737
2017/11/2,2750,2756.5,2736,2752.5,6309100,2752.5
2017/11/1,2734,2761,2731.5,2748,7719300,2748
2017/10/31,2787,2787.5,2735,2776,5431100,2776
2017/10/30,2775,2775,2745,2759,11753400,2759
2017/10/27,2789,2790,2748,2777,4666500,2777
2017/10/26,2733,2754,2725,2742,3343400,2742
2017/10/25,2746,2755,2715,2741,4270900,2741
2017/10/24,2750,2759,2720,2742,4490600,2742
2017/10/23,2697,2725,2689,2714,4586200,2714
2017/10/20,2631,2713,2626,2709,5771400,2709
2017/10/19,2630,2673,2626,2655,4740300,2655
2017/10/18,2680,2685,2645,2650,6870900,2650
2017/10/17,2730,2730,2666,2683,7343800,2683
2017/10/16,2714,2751,2708,2740,4185000,2740
2017/10/13,2719,2743,2660,2715,10247600,2715
2017/10/12,2736,2773,2724,2769,13065600,2769
2017/10/11,2636,2731,2627,2712,12176800,2712
2017/10/10,2543,2640,2537,2636,10738400,2636
2017/10/6,2470,2569,2468,2543,8602300,2543
2017/10/5,2462,2492,2458,2481,4588600,2481
2017/10/4,2454,2469,2430,2467,6397800,2467
2017/10/3,2455,2470,2451,2457,6144300,2457
2017/10/2,2425,2451,2407,2450,12667400,2450
2017/9/29,2505,2505,2430,2437,73827600,2437
2017/9/28,2487,2535,2479,2505,20212300,2505
2017/9/27,2456,2478,2432,2470,10317700,2470
2017/9/26,2458,2484,2448,2471,6324800,2471
2017/9/25,2450,2480,2428,2458,6593300,2458
2017/9/22,2409,2448,2398,2437,8202600,2437
2017/9/21,2400,2419,2384,2410,9687700,2410
2017/9/20,2435,2446,2395,2418,10381100,2418
2017/9/19,2462,2469,2420,2460,9407300,2460
2017/9/15,2409,2470,2407,2458,7647300,2458
2017/9/14,2444,2490,2426,2445,6697500,2445
2017/9/13,2420,2482,2409,2453,7691800,2453
2017/9/12,2385,2417,2375,2404,5534000,2404
2017/9/11,2360,2411,2341,2391,5935000,2391
2017/9/8,2311,2368,2311,2356,7119000,2356
2017/9/7,2355,2398,2327,2346,11021200,2346
2017/9/6,2313,2355,2271,2345,22147300,2345
2017/9/5,2197,2220,2161,2176,4823000,2176
2017/9/4,2188,2207,2178,2192,3016400,2192
2017/9/1,2193,2200,2183,2199,2063100,2199
2017/8/31,2184,2193,2171,2191,2816400,2191
2017/8/30,2200,2205,2184,2187,2514900,2187
2017/8/29,2158,2197,2151,2192,2997500,2192
2017/8/28,2175,2177,2153,2168,2440900,2168
2017/8/25,2159,2167,2145,2158,2588000,2158
2017/8/24,2180,2195,2159,2162,4028800,2162
2017/8/23,2170,2193,2165,2174,3357100,2174
2017/8/22,2143,2163,2134,2162,3519900,2162
2017/8/21,2145,2179,2139,2162,3835900,2162
2017/8/18,2137,2158,2131,2136,3474500,2136
2017/8/17,2139,2165,2132,2150,4235900,2150
2017/8/16,2089,2150,2078,2144,6872500,2144
2017/8/15,2050,2092,2042,2083,7123900,2083
2017/8/14,1950,2038,1946,2022,10244600,2022
2017/8/10,1898,1934,1897,1931,3443400,1931
2017/8/9,1936,1940,1887,1909,3864400,1909
2017/8/8,1932,1951,1930,1948,2210200,1948
2017/8/7,1940,1942,1920,1929,2563600,1929
2017/8/4,1920,1934,1913,1919,2240800,1919
2017/8/3,1925,1947,1918,1926,2543700,1926
2017/8/2,1936,1948,1917,1924,3520100,1924
2017/8/1,1910,1937,1907,1932,2819700,1932
2017/7/31,1922,1933,1909,1909,2809200,1909
2017/7/28,1938,1948,1920,1924,2304500,1924
2017/7/27,1933,1962,1933,1944,1877700,1944
2017/7/26,1979,1979,1925,1932,3060200,1932
2017/7/25,1997,1999,1970,1973,2203300,1973
2017/7/24,1976,1985,1962,1978,2279500,1978
2017/7/21,2000,2011,1980,1985,2512800,1985
2017/7/20,1990,2019,1985,2010,5022000,2010
2017/7/19,1957,1990,1947,1985,6452200,1985
2017/7/18,1915,1928,1892,1926,2813600,1926
2017/7/14,1954,1954,1916,1930,4043700,1930
2017/7/13,1878,1953,1875,1945,7015500,1945
2017/7/12,1886,1894,1851,1851,5232600,1851
2017/7/11,1904,1906,1883,1894,4957800,1894
2017/7/10,1890,1912,1881,1904,2704000,1904
2017/7/7,1928,1928,1874,1890,4957800,1890
2017/7/6,1928,1933,1906,1918,3652200,1918
2017/7/5,1871,1911,1871,1910,3811300,1910
2017/7/4,1942,1942,1883,1884,5709400,1884
2017/7/3,1930,1940,1915,1933,5154800,1933
2017/6/30,1990,1993,1924,1931,7575700,1931
2017/6/29,2004,2007,1991,1999,3746900,1999
2017/6/28,2020,2022,1984,2004,5752300,2004
2017/6/27,6199.98,6210,6109.98,6139.98,1248801,2046.66
2017/6/26,6169.98,6199.98,6150,6180,655101,2060
2017/6/23,6219.99,6219.99,6129.99,6169.98,985001,2056.66
2017/6/22,6169.98,6219.99,6129.99,6189.99,988901,2063.33
2017/6/21,6189.99,6219.99,6090,6139.98,1684402,2046.66
2017/6/20,6180,6189.99,6109.98,6150,1391401,2050
2017/6/19,6120,6219.99,6099.99,6139.98,1342201,2046.66
2017/6/16,6099.99,6120,6009.99,6069.99,4046404,2023.33
2017/6/15,5869.98,6030,5820,6009.99,1492001,2003.33
2017/6/14,5919.99,6000,5880,5880,1434201,1960
2017/6/13,5839.98,5910,5809.98,5889.99,1365201,1963.33
2017/6/12,5949.99,5979.99,5880,5910,1641602,1970
2017/6/9,6009.99,6069.99,5979.99,6009.99,1717202,2003.33
2017/6/8,6150,6199.98,6009.99,6009.99,1881602,2003.33
2017/6/7,6099.99,6129.99,6039.99,6120,1728102,2040
2017/6/6,6069.99,6120,5989.98,6069.99,1975502,2023.33
2017/6/5,5910,6030,5910,6000,1855702,2000
2017/6/2,5820,5910,5790,5899.98,1982402,1966.66
2017/6/1,5719.98,5809.98,5719.98,5790,2412202,1930
2017/5/31,5749.98,5889.99,5739.99,5869.98,2041602,1956.66
2017/5/30,5779.98,5829.99,5719.98,5779.98,1159201,1926.66
2017/5/29,5700,5779.98,5700,5749.98,1020201,1916.66
2017/5/26,5809.98,5820,5679.99,5679.99,2167802,1893.33
2017/5/25,5899.98,5910,5790,5839.98,1038901,1946.66
2017/5/24,5869.98,5929.98,5829.99,5880,2077402,1960
2017/5/23,5700,5839.98,5689.98,5779.98,3291303,1926.66
2017/5/22,5580,5719.98,5550,5640,5509106,1880
2017/5/19,6150,6159.99,5730,5749.98,7577008,1916.66
2017/5/18,6079.98,6249.99,6079.98,6249.99,1513502,2083.33
2017/5/17,6240,6249.99,6129.99,6180,966701,2060
2017/5/16,6199.98,6339.99,6150,6189.99,2073602,2063.33
2017/5/15,6060,6240,6039.99,6109.98,2971503,2036.66
2017/5/12,5979.99,5979.99,5880,5959.98,1568702,1986.66
2017/5/11,5989.98,5989.98,5919.99,5940,1332401,1980
2017/5/10,5919.99,6009.99,5899.98,6000,1020201,2000
2017/5/9,6000,6030,5880,5910,1665202,1970
2017/5/8,5799.99,5959.98,5790,5959.98,2692403,1986.66
2017/5/2,5659.98,5709.99,5649.99,5670,883401,1890
2017/5/1,5649.99,5670,5589.99,5619.99,643801,1873.33
2017/4/28,5569.98,5649.99,5559.99,5629.98,1421401,1876.66
2017/4/27,5569.98,5580,5539.98,5569.98,1635902,1856.66
2017/4/26,5580,5599.98,5539.98,5569.98,1873902,1856.66
2017/4/25,5599.98,5640,5529.99,5610,1652002,1870
2017/4/24,5640,5689.98,5610,5649.99,919901,1883.33
2017/4/21,5610,5649.99,5569.98,5589.99,1253901,1863.33
2017/4/20,5799.99,5829.99,5649.99,5659.98,1857402,1886.66
2017/4/19,5649.99,5739.99,5629.98,5700,1423501,1900
2017/4/18,5649.99,5689.98,5539.98,5589.99,1150501,1863.33
2017/4/17,5499.99,5610,5499.99,5599.98,878601,1866.66
2017/4/14,5509.98,5610,5509.98,5529.99,946501,1843.33
2017/4/13,5569.98,5629.98,5539.98,5539.98,1397501,1846.66
2017/4/12,5550,5619.99,5499.99,5589.99,1556802,1863.33
2017/4/11,5640,5700,5499.99,5569.98,2137802,1856.66
2017/4/10,5739.99,5790,5679.99,5709.99,1411101,1903.33
2017/4/7,5679.99,5719.98,5610,5679.99,2676803,1893.33
2017/4/6,5799.99,5820,5689.98,5700,1631002,1900
2017/4/5,5889.99,5899.98,5769.99,5820,1243801,1940
2017/4/4,5850,5949.99,5829.99,5850,1743902,1950
2017/4/3,5779.98,5850,5749.98,5809.98,1294801,1936.66
2017/3/31,5799.99,5850,5679.99,5679.99,2134102,1893.33
2017/3/30,5790,5919.99,5749.98,5829.99,1917302,1943.33
2017/3/29,5769.99,5809.98,5709.99,5799.99,1294601,1933.33
2017/3/28,5689.98,5760,5679.99,5749.98,1417801,1916.66
2017/3/27,5640,5709.99,5629.98,5649.99,1178701,1883.33
2017/3/24,5670,5799.99,5649.99,5670,1632902,1890
2017/3/23,5739.99,5749.98,5629.98,5649.99,1163701,1883.33
2017/3/22,5529.99,5719.98,5529.99,5640,1783802,1880
2017/3/21,5529.99,5629.98,5529.99,5610,1109801,1870
2017/3/17,5499.99,5610,5460,5569.98,2710803,1856.66
2017/3/16,5629.98,5649.99,5550,5569.98,2457002,1856.66
2017/3/15,5629.98,5730,5629.98,5670,1401701,1890
2017/3/14,5779.98,5779.98,5659.98,5689.98,2304002,1896.66
2017/3/13,5769.99,5910,5730,5839.98,3357503,1946.66
2017/3/10,5599.98,5689.98,5520,5670,3264103,1890
2017/3/9,5469.99,5490,5409.99,5419.98,762501,1806.66
2017/3/8,5370,5449.98,5359.98,5430,1212801,1810
2017/3/7,5430,5439.99,5329.98,5379.99,1990302,1793.33
2017/3/6,5509.98,5520,5439.99,5460,1073501,1820
2017/3/3,5499.99,5529.99,5460,5529.99,1188801,1843.33
2017/3/2,5599.98,5599.98,5469.99,5490,1711102,1830
2017/3/1,5539.98,5599.98,5490,5550,1494901,1850
2017/2/28,5499.99,5619.99,5490,5509.98,2582803,1836.66
2017/2/27,5409.99,5479.98,5389.98,5449.98,1265701,1816.66
2017/2/24,5439.99,5499.99,5419.98,5419.98,1070701,1806.66
2017/2/23,5419.98,5460,5370,5449.98,1234901,1816.66
2017/2/22,5329.98,5439.99,5310,5430,1665302,1810
2017/2/21,5299.98,5329.98,5269.98,5329.98,888801,1776.66
2017/2/20,5239.98,5340,5239.98,5329.98,1494401,1776.66
2017/2/17,5149.98,5319.99,5149.98,5269.98,1894802,1756.66
2017/2/16,5199.99,5269.98,5149.98,5169.99,1048301,1723.33
2017/2/15,5310,5310,5139.99,5220,1723102,1740
2017/2/14,5209.98,5329.98,5209.98,5239.98,1688902,1746.66
2017/2/13,5199.99,5209.98,5149.98,5179.98,879801,1726.66
2017/2/10,5160,5199.99,5109.99,5190,1267201,1730
2017/2/9,5130,5169.99,5089.98,5109.99,945401,1703.33
2017/2/8,5139.99,5190,5089.98,5149.98,1048301,1716.66
2017/2/7,5119.98,5130,5070,5109.99,813601,1703.33
2017/2/6,5100,5160,5070,5149.98,1129901,1716.66
2017/2/3,5079.99,5179.98,5070,5079.99,1403301,1693.33
2017/2/2,5160,5169.99,5049.99,5059.98,1432201,1686.66
2017/2/1,4940.01,5139.99,4929.99,5119.98,2292302,1706.66
2017/1/31,4925.01,4985.01,4920,4944.99,1037201,1648.33
2017/1/30,4955.01,4974.99,4935,4965,1155801,1655
2017/1/27,4995,4995,4925.01,4950,1609902,1650
2017/1/26,5040,5040,4950,4970.01,1784402,1656.67
2017/1/25,5029.98,5109.99,5000.01,5040,1643802,1680
2017/1/24,4910.01,4989.99,4899.99,4974.99,1604402,1658.33
2017/1/23,4950,4970.01,4910.01,4914.99,1315101,1638.33
2017/1/20,5010,5029.98,4980,5000.01,1598602,1666.67
2017/1/19,4899.99,5040,4890,5010,1813502,1670
2017/1/18,4884.99,4959.99,4880.01,4899.99,1800302,1633.33
2017/1/17,4914.99,4970.01,4875,4880.01,2024102,1626.67
2017/1/16,4779.99,4890,4770,4875,1798702,1625
2017/1/13,4779.99,4790.01,4755,4779.99,820901,1593.33
2017/1/12,4770,4800,4715.01,4785,1749202,1595
2017/1/11,4640.01,4704.99,4629.99,4700.01,932401,1566.67
2017/1/10,4715.01,4740,4659.99,4665,1842802,1555
2017/1/6,4680,4755,4670.01,4740,1238501,1580
2017/1/5,4635,4700.01,4625.01,4700.01,1014901,1566.67
2017/1/4,4710,4730.01,4635,4640.01,1774502,1546.67
2016/12/30,4650,4710,4650,4689.99,757501,1563.33
2016/12/29,4710,4710,4659.99,4689.99,906701,1563.33
2016/12/28,4700.01,4734.99,4665,4700.01,968201,1566.67
2016/12/27,4674.99,4725,4650,4655.01,900401,1551.67
2016/12/26,4620,4674.99,4595.01,4655.01,1021001,1551.67
2016/12/22,4599.99,4625.01,4554.99,4590,1408601,1530
2016/12/21,4545,4569.99,4535.01,4550.01,988801,1516.67
2016/12/20,4494.99,4590,4479.99,4550.01,1535002,1516.67
2016/12/19,4535.01,4575,4505.01,4545,1356801,1515
2016/12/16,4524.99,4530,4479.99,4505.01,1138901,1501.67
2016/12/15,4535.01,4569.99,4500,4500,1643102,1500
2016/12/14,4455,4550.01,4445.01,4505.01,2143002,1501.67
2016/12/13,4440,4485,4380,4460.01,2055402,1486.67
2016/12/12,4320,4389.99,4295.01,4380,2238802,1460
2016/12/9,4239.99,4310.01,4230,4299.99,3720504,1433.33
2016/12/8,4419.99,4419.99,4299.99,4310.01,1663602,1436.67
2016/12/7,4425,4440,4355.01,4370.01,2159102,1456.67
2016/12/6,4404.99,4415.01,4359.99,4385.01,1487601,1461.67
2016/12/5,4400.01,4434.99,4350,4355.01,1447301,1451.67
2016/12/2,4470,4494.99,4410,4440,1681902,1480
2016/12/1,4395,4545,4395,4494.99,2984703,1498.33
2016/11/30,4329.99,4370.01,4305,4365,3426203,1455
2016/11/29,4329.99,4374.99,4325.01,4344.99,1205101,1448.33
2016/11/28,4299.99,4325.01,4284.99,4305,1199501,1435
2016/11/25,4314.99,4325.01,4260,4290,1307601,1430
2016/11/24,4400.01,4400.01,4265.01,4280.01,2175602,1426.67
2016/11/22,4370.01,4404.99,4365,4385.01,1818302,1461.67
2016/11/21,4329.99,4395,4320,4365,1996302,1455
2016/11/18,4359.99,4359.99,4310.01,4320,1332801,1440
2016/11/17,4310.01,4395,4269.99,4340.01,2067902,1446.67
2016/11/16,4254.99,4325.01,4239.99,4314.99,2086302,1438.33
2016/11/15,4170,4224.99,4134.99,4200,2046502,1400
2016/11/14,4175.01,4190.01,4119.99,4125,2008302,1375
2016/11/11,4200,4200,4125,4140,1997702,1380
2016/11/10,4205.01,4220.01,4140,4164.99,1604002,1388.33
2016/11/9,4170,4220.01,4025.01,4065,3121203,1355
2016/11/8,4179.99,4200,4119.99,4125,957601,1375
2016/11/7,4179.99,4194.99,4130.01,4149.99,1199401,1383.33
2016/11/4,4179.99,4209.99,4085.01,4134.99,1652602,1378.33
2016/11/2,4205.01,4250.01,4179.99,4209.99,982901,1403.33
2016/11/1,4230,4245,4190.01,4220.01,927201,1406.67
2016/10/31,4190.01,4220.01,4119.99,4220.01,1731202,1406.67
2016/10/28,4314.99,4320,4220.01,4245,3772804,1415
2016/10/27,4290,4329.99,4284.99,4290,1648102,1430
2016/10/26,4230,4269.99,4209.99,4265.01,1219301,1421.67
2016/10/25,4160.01,4245,4160.01,4215,1334401,1405
2016/10/24,4235.01,4265.01,4224.99,4230,986301,1410
2016/10/21,4230,4269.99,4209.99,4235.01,1287301,1411.67
2016/10/20,4254.99,4295.01,4230,4265.01,1343601,1421.67
2016/10/19,4275,4280.01,4230,4265.01,1742402,1421.67
2016/10/18,4250.01,4335,4224.99,4275,2817203,1425
2016/10/17,4215,4215,4155,4200,1435401,1400
2016/10/14,4175.01,4205.01,4160.01,4200,1070601,1400
2016/10/13,4149.99,4220.01,4130.01,4190.01,2441402,1396.67
2016/10/12,4125,4170,4115.01,4119.99,1359601,1373.33
2016/10/11,4175.01,4179.99,4119.99,4149.99,1598502,1383.33
2016/10/7,4164.99,4170,4134.99,4164.99,1133301,1388.33
2016/10/6,4245,4250.01,4170,4179.99,1764002,1393.33
2016/10/5,4194.99,4235.01,4185,4230,2237002,1410
2016/10/4,4149.99,4185,4140,4179.99,1672102,1393.33
2016/10/3,4115.01,4175.01,4085.01,4149.99,2170102,1383.33
2016/9/30,4140,4145.01,4080,4110,2738503,1370
2016/9/29,4130.01,4164.99,4089.99,4125,3914904,1375
2016/9/28,4100.01,4134.99,4080,4130.01,2440402,1376.67
2016/9/27,4050,4100.01,4010.01,4100.01,2863503,1366.67
2016/9/26,4080,4095,4005,4040.01,2777003,1346.67
2016/9/23,3950.01,4035,3909.99,4029.99,7373507,1343.33
2016/9/21,3834.99,3894.99,3789.99,3894.99,20767121,1298.33
2016/9/20,3845.01,3875.01,3819.99,3834.99,2826203,1278.33
2016/9/16,3870,3890.01,3855,3879.99,2466602,1293.33
2016/9/15,3855,3885,3830.01,3875.01,3251003,1291.67
2016/9/14,3864.99,3875.01,3819.99,3819.99,3335203,1273.33
2016/9/13,3900,3909.99,3849.99,3890.01,9210809,1296.67
2016/9/12,4014.99,4070.01,3909.99,3915,7831508,1305
2016/9/9,4194.99,4194.99,4119.99,4155,3115303,1385
2016/9/8,4200,4224.99,4164.99,4194.99,2576103,1398.33
2016/9/7,4089.99,4215,4089.99,4200,4597805,1400
2016/9/6,4010.01,4080,3990,4055.01,1918202,1351.67
2016/9/5,4020,4029.99,3984.99,4010.01,786701,1336.67
2016/9/2,3950.01,4025.01,3939.99,3990,1760602,1330
2016/9/1,3935.01,3984.99,3920.01,3965.01,1279701,1321.67
2016/8/31,3945,3945,3905.01,3935.01,915401,1311.67
2016/8/30,3960,3965.01,3890.01,3945,1087501,1315
2016/8/29,3900,3999.99,3900,3954.99,2046202,1318.33
2016/8/26,3909.99,3915,3840,3870,1662502,1290
2016/8/25,3924.99,3984.99,3830.01,3924.99,3343803,1308.33
2016/8/24,4130.01,4149.99,4104.99,4134.99,1084901,1378.33
2016/8/23,4149.99,4179.99,4130.01,4130.01,1338301,1376.67
2016/8/22,4110,4160.01,4100.01,4149.99,1782502,1383.33
2016/8/19,4110,4110,4029.99,4080,1408601,1360
2016/8/18,4095,4115.01,4074.99,4104.99,1531202,1368.33
2016/8/17,4080,4095,4059.99,4065,1017201,1355
2016/8/16,4050,4115.01,4040.01,4085.01,1496101,1361.67
2016/8/15,4005,4089.99,4005,4080,866101,1360
2016/8/12,4029.99,4089.99,4005,4065,2018902,1355
2016/8/10,3950.01,4050,3939.99,4010.01,3009603,1336.67
2016/8/9,3744.99,3815.01,3735,3810,750801,1270
2016/8/8,3740.01,3770.01,3665.01,3770.01,1412801,1256.67
2016/8/5,3765,3815.01,3729.99,3740.01,1294801,1246.67
2016/8/4,3875.01,3879.99,3795,3810,1073101,1270
2016/8/3,3840,3900,3819.99,3879.99,819401,1293.33
2016/8/2,3915,3930,3894.99,3894.99,630701,1298.33
2016/8/1,3870,3924.99,3830.01,3915,871101,1305
2016/7/29,3909.99,3935.01,3840,3924.99,1145901,1308.33
2016/7/28,3879.99,3915,3860.01,3900,892801,1300
2016/7/27,3950.01,3954.99,3890.01,3915,1286501,1305
2016/7/26,3950.01,3960,3905.01,3920.01,895001,1306.67
2016/7/25,3980.01,3990,3930,3950.01,927101,1316.67
2016/7/22,3879.99,3950.01,3864.99,3950.01,1463201,1316.67
2016/7/21,4010.01,4020,3924.99,3945,1539302,1315
2016/7/20,3995.01,4025.01,3969.99,4005,1605002,1335
2016/7/19,3939.99,3999.99,3900,3999.99,1686502,1333.33
2016/7/15,3939.99,3954.99,3875.01,3909.99,1852002,1303.33
2016/7/14,3950.01,3990,3930,3969.99,2326902,1323.33
2016/7/13,3950.01,3954.99,3915,3939.99,2212802,1313.33
2016/7/12,3894.99,3939.99,3885,3890.01,1992802,1296.67
2016/7/11,3789.99,3890.01,3789.99,3855,2059102,1285
2016/7/8,3785.01,3810,3755.01,3759.99,1423401,1253.33
2016/7/7,3765,3789.99,3740.01,3785.01,1371201,1261.67
2016/7/6,3699.99,3755.01,3660,3744.99,2145902,1248.33
2016/7/5,3750,3755.01,3690,3729.99,1239801,1243.33
2016/7/4,3695.01,3740.01,3690,3725.01,1246501,1241.67
2016/7/1,3680.01,3750,3660,3729.99,1663502,1243.33
2016/6/30,3765,3785.01,3735,3735,1800002,1245
2016/6/29,3810,3830.01,3765,3780,1652702,1260
2016/6/28,3714.99,3830.01,3710.01,3780,1951702,1260
2016/6/27,3690,3774.99,3675,3765,1812102,1255
2016/6/24,3810,3819.99,3560.01,3650.01,2218702,1216.67
2016/6/23,3795,3795,3744.99,3789.99,1216201,1263.33
2016/6/22,3804.99,3804.99,3750,3789.99,937401,1263.33
2016/6/21,3795,3830.01,3785.01,3830.01,1724202,1276.67
2016/6/20,3789.99,3815.01,3770.01,3780,1151901,1260
2016/6/17,3720,3765,3710.01,3725.01,2013302,1241.67
2016/6/16,3755.01,3770.01,3690,3695.01,1477001,1231.67
2016/6/15,3785.01,3804.99,3750,3774.99,1620402,1258.33
2016/6/14,3774.99,3825,3720,3810,2043202,1270
2016/6/13,3810,3810,3744.99,3755.01,1322301,1251.67
2016/6/10,3819.99,3830.01,3770.01,3815.01,1800902,1271.67
2016/6/9,3815.01,3825,3770.01,3789.99,1858202,1263.33
2016/6/8,3774.99,3830.01,3759.99,3830.01,1765302,1276.67
2016/6/7,3735,3780,3725.01,3774.99,1487701,1258.33
2016/6/6,3680.01,3705,3654.99,3705,1063401,1235
2016/6/3,3654.99,3744.99,3639.99,3744.99,2250502,1248.33
2016/6/2,3675,3705,3585,3624.99,1953102,1208.33
2016/6/1,3759.99,3770.01,3665.01,3710.01,3525904,1236.67
2016/5/31,3770.01,3864.99,3725.01,3774.99,19834420,1258.33
2016/5/30,3755.01,3759.99,3735,3750,1071101,1250
2016/5/27,3744.99,3750,3714.99,3744.99,1163801,1248.33
2016/5/26,3750,3765,3720,3729.99,1649902,1243.33
2016/5/25,3705,3735,3684.99,3714.99,1946802,1238.33
2016/5/24,3680.01,3684.99,3635.01,3680.01,1821702,1226.67
2016/5/23,3675,3729.99,3660,3665.01,2824903,1221.67
2016/5/20,3594.99,3690,3585,3675,3231803,1225
2016/5/19,3635.01,3635.01,3600,3620.01,1421901,1206.67
2016/5/18,3594.99,3630,3585,3615,1819002,1205
2016/5/17,3579.99,3620.01,3555,3594.99,1420901,1198.33
2016/5/16,3564.99,3645,3555,3579.99,2090102,1193.33
2016/5/13,3549.99,3639.99,3549.99,3600,2863703,1200
2016/5/12,3470.01,3504.99,3420,3504.99,1057301,1168.33
2016/5/11,3480,3510,3459.99,3500.01,1338601,1166.67
2016/5/10,3399.99,3489.99,3395.01,3485.01,1263101,1161.67
2016/5/9,3395.01,3410.01,3360,3390,1095401,1130
2016/5/6,3309.99,3365.01,3305.01,3354.99,1180801,1118.33
2016/5/2,3279.99,3345,3270,3335.01,1635002,1111.67
2016/4/28,3495,3500.01,3405,3414.99,1746702,1138.33
2016/4/27,3495,3495,3435,3465,1041201,1155
2016/4/26,3510,3519.99,3414.99,3485.01,1376401,1161.67
2016/4/25,3525,3530.01,3455.01,3470.01,790801,1156.67
2016/4/22,3465,3515.01,3450,3515.01,1298701,1171.67
2016/4/21,3465,3495,3440.01,3474.99,939001,1158.33
2016/4/20,3399.99,3459.99,3390,3440.01,1397101,1146.67
2016/4/19,3354.99,3384.99,3320.01,3375,927701,1125
2016/4/18,3279.99,3309.99,3260.01,3285,1467301,1095
2016/4/15,3369.99,3399.99,3354.99,3380.01,1064701,1126.67
2016/4/14,3360,3395.01,3345,3390,1359901,1130
2016/4/13,3279.99,3324.99,3249.99,3309.99,1538602,1103.33
2016/4/12,3249.99,3309.99,3234.99,3260.01,1316901,1086.67
2016/4/11,3260.01,3279.99,3225,3264.99,1475801,1088.33
2016/4/8,3249.99,3354.99,3234.99,3305.01,1325501,1101.67
2016/4/7,3320.01,3375,3270,3285,1575002,1095
2016/4/6,3330,3335.01,3300,3309.99,1402801,1103.33
2016/4/5,3380.01,3399.99,3320.01,3335.01,1679202,1111.67
2016/4/4,3390,3405,3335.01,3360,1453701,1120
2016/4/1,3459.99,3459.99,3360,3390,1196101,1130
2016/3/31,3474.99,3500.01,3435,3435,879701,1145
2016/3/30,3470.01,3510,3444.99,3444.99,875701,1148.33
2016/3/29,3500.01,3530.01,3480,3495,735301,1165
2016/3/28,3500.01,3530.01,3480,3530.01,1079601,1176.67
2016/3/25,3495,3534.99,3450,3459.99,815501,1153.33
2016/3/24,3435,3485.01,3435,3465,1043001,1155
2016/3/23,3425.01,3459.99,3390,3429.99,1487201,1143.33
2016/3/22,3440.01,3455.01,3384.99,3425.01,1268501,1141.67
2016/3/18,3444.99,3455.01,3369.99,3390,3364103,1130
2016/3/17,3515.01,3545.01,3440.01,3465,976001,1155
2016/3/16,3474.99,3545.01,3465,3485.01,965201,1161.67
2016/3/15,3504.99,3555,3489.99,3504.99,1187301,1168.33
2016/3/14,3515.01,3519.99,3470.01,3510,914201,1170
2016/3/11,3474.99,3504.99,3440.01,3480,1547602,1160
2016/3/10,3440.01,3515.01,3435,3510,1084801,1170
2016/3/9,3399.99,3465,3384.99,3405,1069101,1135
2016/3/8,3465,3480,3399.99,3435,1235801,1145
2016/3/7,3515.01,3519.99,3465,3470.01,769901,1156.67
2016/3/4,3474.99,3519.99,3465,3515.01,1273801,1171.67
2016/3/3,3465,3500.01,3440.01,3495,1323401,1165
2016/3/2,3459.99,3510,3440.01,3485.01,1356301,1161.67
2016/3/1,3345,3390,3335.01,3369.99,1248701,1123.33
2016/2/29,3425.01,3459.99,3345,3350.01,2561403,1116.67
2016/2/26,3330,3399.99,3330,3390,1627302,1130
2016/2/25,3294.99,3350.01,3279.99,3305.01,1746302,1101.67
2016/2/24,3290.01,3309.99,3260.01,3290.01,1033701,1096.67
2016/2/23,3384.99,3399.99,3305.01,3315,1057201,1105
2016/2/22,3305.01,3399.99,3290.01,3380.01,860201,1126.67
2016/2/19,3375,3395.01,3309.99,3320.01,1266801,1106.67
2016/2/18,3465,3474.99,3380.01,3390,1583102,1130
2016/2/17,3380.01,3414.99,3320.01,3354.99,1564502,1118.33
2016/2/16,3420,3489.99,3399.99,3414.99,2164702,1138.33
2016/2/15,3399.99,3495,3335.01,3459.99,1802202,1153.33
2016/2/12,3270,3305.01,3189.99,3225,2838903,1075
2016/2/10,3555,3575.01,3365.01,3410.01,2331002,1136.67
2016/2/9,3600,3650.01,3540,3579.99,1510702,1193.33
2016/2/8,3650.01,3744.99,3620.01,3720,879801,1240
2016/2/5,3665.01,3710.01,3635.01,3675,1298301,1225
2016/2/4,3744.99,3774.99,3710.01,3735,1189901,1245
2016/2/3,3785.01,3830.01,3744.99,3819.99,1089801,1273.33
2016/2/2,3800.01,3864.99,3785.01,3845.01,1549902,1281.67
2016/2/1,3800.01,3870,3780,3819.99,1989202,1273.33
2016/1/29,3710.01,3800.01,3680.01,3785.01,2839803,1261.67
2016/1/28,3675,3710.01,3639.99,3669.99,1472301,1223.33
2016/1/27,3690,3690,3639.99,3669.99,2510703,1223.33
2016/1/26,3549.99,3624.99,3530.01,3600,2068702,1200
2016/1/25,3549.99,3600,3515.01,3590.01,1402401,1196.67
2016/1/22,3399.99,3480,3384.99,3480,1379401,1160
2016/1/21,3425.01,3465,3285,3290.01,2695503,1096.67
2016/1/20,3579.99,3605.01,3414.99,3425.01,2127702,1141.67
2016/1/19,3534.99,3639.99,3530.01,3564.99,2493002,1188.33
2016/1/18,3510,3540,3450,3530.01,2542503,1176.67
2016/1/15,3530.01,3564.99,3480,3510,1618302,1170
2016/1/14,3459.99,3515.01,3414.99,3480,2186402,1160
2016/1/13,3435,3549.99,3435,3530.01,1712102,1176.67
2016/1/12,3500.01,3534.99,3410.01,3410.01,1940702,1136.67
2016/1/8,3500.01,3579.99,3500.01,3504.99,2381702,1168.33
2016/1/7,3525,3560.01,3515.01,3519.99,1657102,1173.33
2016/1/6,3600,3620.01,3515.01,3525,2283802,1175
2016/1/5,3500.01,3605.01,3500.01,3579.99,2321102,1193.33
2016/1/4,3570,3585,3504.99,3510,846001,1170
2015/12/30,3590.01,3615,3560.01,3560.01,833301,1186.67
2015/12/29,3519.99,3590.01,3519.99,3570,1039401,1190
2015/12/28,3540,3560.01,3510,3534.99,768701,1178.33
2015/12/25,3510,3530.01,3489.99,3504.99,1310501,1168.33
2015/12/24,3639.99,3669.99,3534.99,3540,1874602,1180
2015/12/22,3660,3660,3620.01,3620.01,714701,1206.67
2015/12/21,3605.01,3665.01,3585,3615,1432001,1205
2015/12/18,3680.01,3729.99,3645,3645,1810702,1215
2015/12/17,3699.99,3714.99,3665.01,3684.99,1478101,1228.33
2015/12/16,3639.99,3665.01,3624.99,3650.01,1477901,1216.67
2015/12/15,3605.01,3654.99,3585,3600,1696202,1200
2015/12/14,3560.01,3605.01,3540,3594.99,1765002,1198.33
2015/12/11,3620.01,3654.99,3620.01,3639.99,1893902,1213.33
2015/12/10,3615,3654.99,3615,3630,1288801,1210
2015/12/9,3690,3699.99,3635.01,3639.99,2140002,1213.33
2015/12/8,3770.01,3774.99,3725.01,3725.01,899101,1241.67
2015/12/7,3714.99,3785.01,3714.99,3750,1363801,1250
2015/12/4,3759.99,3774.99,3705,3725.01,1431001,1241.67
2015/12/3,3855,3860.01,3825,3830.01,842101,1276.67
2015/12/2,3830.01,3864.99,3815.01,3849.99,720901,1283.33
2015/12/1,3840,3890.01,3840,3864.99,1346101,1288.33
2015/11/30,3819.99,3860.01,3804.99,3845.01,1429401,1281.67
2015/11/27,3845.01,3855,3819.99,3834.99,969301,1278.33
2015/11/26,3830.01,3849.99,3815.01,3830.01,1213001,1276.67
2015/11/25,3879.99,3879.99,3810,3830.01,1542302,1276.67
2015/11/24,3870,3909.99,3870,3900,1210601,1300
2015/11/20,3825,3885,3819.99,3879.99,1771602,1293.33
2015/11/19,3935.01,3935.01,3849.99,3860.01,1596002,1286.67
2015/11/18,3905.01,3924.99,3885,3920.01,981401,1306.67
2015/11/17,3885,3909.99,3840,3879.99,1270501,1293.33
2015/11/16,3825,3890.01,3819.99,3879.99,995801,1293.33
2015/11/13,3860.01,3900,3849.99,3860.01,1049401,1286.67
2015/11/12,3894.99,3915,3860.01,3885,1015001,1295
2015/11/11,3950.01,3995.01,3885,3905.01,2277002,1301.67
2015/11/10,3849.99,3885,3834.99,3875.01,997501,1291.67
2015/11/9,3894.99,3920.01,3834.99,3894.99,1254801,1298.33
2015/11/6,3905.01,3915,3864.99,3900,1018501,1300
2015/11/5,3855,3909.99,3840,3890.01,1307601,1296.67
2015/11/4,3815.01,3890.01,3804.99,3860.01,1083901,1286.67
2015/11/2,3840,3885,3804.99,3819.99,1350701,1273.33
2015/10/30,3845.01,3920.01,3834.99,3900,3687104,1300
2015/10/29,3879.99,3905.01,3825,3834.99,11428011,1278.33
2015/10/28,3840,3879.99,3800.01,3855,2212802,1285
2015/10/27,3815.01,3855,3795,3819.99,1562502,1273.33
2015/10/26,3819.99,3849.99,3785.01,3795,947801,1265
2015/10/23,3770.01,3789.99,3740.01,3789.99,1418801,1263.33
2015/10/22,3714.99,3759.99,3699.99,3699.99,933601,1233.33
2015/10/21,3695.01,3744.99,3680.01,3735,931201,1245
2015/10/20,3714.99,3744.99,3680.01,3695.01,1255601,1231.67
2015/10/19,3669.99,3720,3650.01,3680.01,1560002,1226.67
2015/10/16,3729.99,3755.01,3669.99,3684.99,2287902,1228.33
2015/10/15,3669.99,3729.99,3660,3720,1671602,1240
2015/10/14,3639.99,3654.99,3590.01,3620.01,2086302,1206.67
2015/10/13,3615,3695.01,3609.99,3660,1605102,1220
2015/10/9,3789.99,3789.99,3660,3680.01,2285502,1226.67
2015/10/8,3765,3860.01,3755.01,3770.01,3086503,1256.67
2015/10/7,3759.99,3774.99,3695.01,3765,1964702,1255
2015/10/6,3800.01,3819.99,3699.99,3725.01,2314202,1241.67
2015/10/5,3750,3804.99,3729.99,3765,2312102,1255
2015/10/2,3594.99,3714.99,3590.01,3710.01,1478701,1236.67
2015/10/1,3624.99,3645,3579.99,3600,2388002,1200
2015/9/30,3600,3630,3525,3579.99,3463103,1193.33
2015/9/29,3744.99,3744.99,3615,3660,2519403,1220
2015/9/28,3660,3785.01,3639.99,3774.99,2483102,1258.33
2015/9/25,3650.01,3654.99,3545.01,3579.99,1737702,1193.33
2015/9/24,3650.01,3690,3609.99,3620.01,1800002,1206.67
2015/9/18,3630,3714.99,3615,3684.99,1255101,1228.33
2015/9/17,3620.01,3669.99,3615,3650.01,713901,1216.67
2015/9/16,3639.99,3660,3605.01,3630,603701,1210
2015/9/15,3675,3684.99,3615,3639.99,1335701,1213.33
2015/9/14,3744.99,3744.99,3684.99,3684.99,1054901,1228.33
2015/9/11,3560.01,3710.01,3560.01,3684.99,1679702,1228.33
2015/9/10,3564.99,3665.01,3560.01,3630,1516002,1210
2015/9/9,3549.99,3635.01,3489.99,3635.01,1030301,1211.67
2015/9/8,3510,3510,3425.01,3435,1096501,1145
2015/9/7,3459.99,3495,3399.99,3480,1089201,1160
2015/9/4,3579.99,3579.99,3455.01,3485.01,938401,1161.67
2015/9/3,3600,3635.01,3530.01,3530.01,1029801,1176.67
2015/9/2,3530.01,3635.01,3510,3560.01,1035901,1186.67
2015/9/1,3690,3699.99,3620.01,3620.01,780001,1206.67
2015/8/31,3705,3744.99,3654.99,3729.99,895401,1243.33
2015/8/28,3800.01,3834.99,3750,3765,1131201,1255
2015/8/27,3735,3744.99,3660,3735,1875702,1245
2015/8/26,3500.01,3710.01,3485.01,3690,2414702,1230
2015/8/25,3500.01,3620.01,3279.99,3485.01,2172402,1161.67
2015/8/24,3720,3789.99,3620.01,3620.01,2251802,1206.67
2015/8/21,3825,3885,3825,3860.01,1251901,1286.67
2015/8/20,3879.99,3960,3875.01,3950.01,1383701,1316.67
2015/8/19,3864.99,3939.99,3864.99,3894.99,989401,1298.33
2015/8/18,3924.99,3954.99,3875.01,3885,685001,1295
2015/8/17,3945,3999.99,3930,3969.99,1283301,1323.33
2015/8/14,3894.99,3945,3885,3930,692201,1310
2015/8/13,3879.99,3894.99,3819.99,3864.99,889301,1288.33
2015/8/12,3890.01,3935.01,3879.99,3909.99,1057101,1303.33
2015/8/11,3920.01,3954.99,3840,3909.99,1445501,1303.33
2015/8/10,3960,3995.01,3939.99,3990,983201,1330
2015/8/7,3920.01,3935.01,3894.99,3935.01,494900,1311.67
2015/8/6,3950.01,3954.99,3915,3915,657101,1305
2015/8/5,3900,3945,3885,3930,932101,1310
2015/8/4,3909.99,3939.99,3875.01,3900,952501,1300
2015/8/3,3890.01,3905.01,3830.01,3900,785501,1300
2015/7/31,3849.99,3950.01,3845.01,3909.99,2090902,1303.33
2015/7/30,3840,3845.01,3815.01,3825,724901,1275
2015/7/29,3860.01,3860.01,3815.01,3849.99,780501,1283.33
2015/7/28,3800.01,3860.01,3780,3849.99,1121901,1283.33
2015/7/27,3840,3864.99,3819.99,3834.99,1275701,1278.33
2015/7/24,3819.99,3819.99,3789.99,3810,661201,1270
2015/7/23,3810,3810,3770.01,3780,434700,1260
2015/7/22,3800.01,3830.01,3774.99,3795,705301,1265
2015/7/21,3800.01,3840,3795,3834.99,636901,1278.33
2015/7/17,3774.99,3834.99,3770.01,3830.01,1334501,1276.67
2015/7/16,3765,3785.01,3714.99,3774.99,1340601,1258.33
2015/7/15,3660,3695.01,3630,3675,1095101,1225
2015/7/14,3654.99,3660,3605.01,3620.01,1034601,1206.67
2015/7/13,3590.01,3624.99,3585,3600,1011701,1200
2015/7/10,3624.99,3669.99,3575.01,3579.99,1741202,1193.33
2015/7/9,3609.99,3654.99,3519.99,3594.99,2640703,1198.33
2015/7/8,3780,3789.99,3695.01,3705,1440801,1235
2015/7/7,3789.99,3834.99,3759.99,3819.99,1431001,1273.33
2015/7/6,3705,3789.99,3695.01,3780,1205401,1260
2015/7/3,3705,3780,3690,3770.01,628601,1256.67
2015/7/2,3795,3795,3740.01,3750,622501,1250
2015/7/1,3729.99,3780,3705,3780,746401,1260
2015/6/30,3680.01,3740.01,3669.99,3735,1908202,1245
2015/6/29,3630,3695.01,3624.99,3665.01,1253201,1221.67
2015/6/26,3774.99,3785.01,3735,3770.01,899201,1256.67
2015/6/25,3780,3800.01,3759.99,3774.99,783301,1258.33
2015/6/24,3870,3870,3785.01,3795,1482701,1265
2015/6/23,3885,3885,3845.01,3864.99,830201,1288.33
2015/6/22,3804.99,3849.99,3780,3845.01,2065002,1281.67
2015/6/19,3795,3845.01,3720,3830.01,10087810,1276.67
2015/6/18,3695.01,3750,3624.99,3720,2786003,1240
2015/6/17,3735,3774.99,3710.01,3714.99,2263902,1238.33
2015/6/16,3789.99,3789.99,3729.99,3735,1990702,1245
2015/6/15,3849.99,3870,3804.99,3804.99,1778702,1268.33
2015/6/12,3894.99,3905.01,3860.01,3894.99,2527503,1298.33
2015/6/11,3915,3939.99,3875.01,3920.01,1544702,1306.67
2015/6/10,3819.99,3924.99,3819.99,3894.99,2160802,1298.33
2015/6/9,3845.01,3870,3800.01,3819.99,1948302,1273.33
2015/6/8,3939.99,3939.99,3849.99,3890.01,1402601,1296.67
2015/6/5,3945,3980.01,3920.01,3960,1437801,1320
2015/6/4,3894.99,3969.99,3890.01,3960,3410403,1320
2015/6/3,3830.01,3879.99,3810,3864.99,1488301,1288.33
2015/6/2,3810,3834.99,3789.99,3789.99,1474901,1263.33
2015/6/1,3885,3894.99,3815.01,3830.01,980001,1276.67
2015/5/29,3855,3915,3849.99,3890.01,2684303,1296.67
2015/5/28,3845.01,3864.99,3785.01,3860.01,1945902,1286.67
2015/5/27,3864.99,3864.99,3810,3819.99,1392201,1273.33
2015/5/26,3915,3915,3879.99,3879.99,457800,1293.33
2015/5/25,3924.99,3924.99,3890.01,3909.99,946501,1303.33
2015/5/22,3924.99,3924.99,3870,3909.99,1108101,1303.33
2015/5/21,3939.99,3950.01,3915,3924.99,706201,1308.33
2015/5/20,3930,3969.99,3909.99,3939.99,1270801,1313.33
2015/5/19,3969.99,3975,3894.99,3924.99,1583102,1308.33
2015/5/18,3980.01,3990,3939.99,3969.99,1075801,1323.33
2015/5/15,3905.01,3990,3900,3969.99,2002702,1323.33
2015/5/14,3840,3924.99,3789.99,3875.01,2122102,1291.67
2015/5/13,3954.99,3975,3915,3969.99,1366501,1323.33
2015/5/12,3935.01,3954.99,3875.01,3894.99,1451801,1298.33
2015/5/11,3999.99,3999.99,3870,3890.01,1360201,1296.67
2015/5/8,3849.99,3960,3849.99,3945,1888902,1315
2015/5/7,3935.01,3954.99,3810,3845.01,4058304,1281.67
2015/5/1,4029.99,4044.99,3975,3999.99,1682402,1333.33
2015/4/30,4100.01,4155,4025.01,4040.01,2864003,1346.67
2015/4/28,4230,4245,4074.99,4134.99,6685707,1378.33
2015/4/27,4220.01,4269.99,4175.01,4245,2106702,1415
2015/4/24,4164.99,4260,4160.01,4220.01,2596203,1406.67
2015/4/23,4290,4314.99,4175.01,4185,3754704,1395
2015/4/22,4155,4280.01,4149.99,4280.01,3841304,1426.67
2015/4/21,4059.99,4164.99,4050,4155,3477103,1385
2015/4/20,4005,4055.01,3999.99,4040.01,1244101,1346.67
2015/4/17,4050,4074.99,4040.01,4055.01,1205201,1351.67
2015/4/16,4080,4095,4040.01,4074.99,2368802,1358.33
2015/4/15,4050,4095,4040.01,4065,2910703,1355
2015/4/14,3999.99,4040.01,3995.01,4035,2601503,1345
2015/4/13,3950.01,4025.01,3939.99,3999.99,4863405,1333.33
2015/4/10,3950.01,3975,3905.01,3954.99,3158403,1318.33
2015/4/9,3939.99,3969.99,3924.99,3954.99,2848903,1318.33
2015/4/8,3840,3939.99,3825,3939.99,5743206,1313.33
2015/4/7,3804.99,3830.01,3789.99,3810,1496601,1270
2015/4/6,3759.99,3789.99,3740.01,3789.99,522001,1263.33
2015/4/3,3759.99,3815.01,3729.99,3810,865601,1270
2015/4/2,3780,3845.01,3770.01,3795,2078102,1265
2015/4/1,3729.99,3785.01,3680.01,3759.99,1839402,1253.33
2015/3/31,3830.01,3845.01,3750,3750,1101001,1250
2015/3/30,3770.01,3819.99,3765,3795,1433401,1265
2015/3/27,3740.01,3815.01,3710.01,3750,1685202,1250
2015/3/26,3819.99,3819.99,3774.99,3804.99,1138701,1268.33
2015/3/25,3879.99,3879.99,3825,3840,1426501,1280
2015/3/24,3860.01,3890.01,3825,3860.01,2290302,1286.67
2015/3/23,3890.01,3905.01,3870,3875.01,1627902,1291.67
2015/3/20,3920.01,3939.99,3870,3915,2638603,1305
2015/3/19,3849.99,3945,3845.01,3924.99,6369606,1308.33
2015/3/18,3780,3840,3770.01,3825,2471902,1275
2015/3/17,3725.01,3810,3705,3800.01,3419603,1266.67
2015/3/16,3720,3720,3665.01,3710.01,1147401,1236.67
2015/3/13,3684.99,3714.99,3654.99,3699.99,2383102,1233.33
2015/3/12,3594.99,3645,3594.99,3635.01,1139701,1211.67
2015/3/11,3594.99,3624.99,3585,3590.01,918201,1196.67
2015/3/10,3645,3675,3585,3594.99,1424301,1198.33
2015/3/9,3684.99,3695.01,3605.01,3630,1553402,1210
2015/3/6,3765,3780,3684.99,3695.01,1898102,1231.67
2015/3/5,3785.01,3810,3759.99,3780,1499201,1260
2015/3/4,3710.01,3785.01,3705,3774.99,1947802,1258.33
2015/3/3,3800.01,3800.01,3714.99,3744.99,2008102,1248.33
2015/3/2,3729.99,3810,3729.99,3800.01,1996502,1266.67
2015/2/27,3774.99,3785.01,3729.99,3744.99,2744603,1248.33
2015/2/26,3740.01,3780,3725.01,3774.99,3315203,1258.33
2015/2/25,3684.99,3740.01,3654.99,3710.01,4397104,1236.67
2015/2/24,3654.99,3680.01,3650.01,3680.01,1686802,1226.67
2015/2/23,3630,3660,3630,3650.01,2118702,1216.67
2015/2/20,3545.01,3609.99,3534.99,3600,1268301,1200
2015/2/19,3600,3624.99,3530.01,3540,1383401,1180
2015/2/18,3660,3684.99,3564.99,3594.99,2924803,1198.33
2015/2/17,3690,3690,3609.99,3645,2349302,1215
2015/2/16,3620.01,3695.01,3615,3690,3924904,1230
2015/2/13,3579.99,3590.01,3560.01,3570,1347601,1190
2015/2/12,3585,3600,3564.99,3590.01,2015402,1196.67
2015/2/10,3500.01,3564.99,3495,3560.01,3237903,1186.67
2015/2/9,3455.01,3515.01,3414.99,3500.01,2096602,1166.67
2015/2/6,3450,3455.01,3414.99,3440.01,526301,1146.67
2015/2/5,3435,3450,3399.99,3444.99,937401,1148.33
2015/2/4,3429.99,3459.99,3414.99,3429.99,984101,1143.33
2015/2/3,3429.99,3440.01,3390,3399.99,1057801,1133.33
2015/2/2,3399.99,3410.01,3384.99,3399.99,867601,1133.33
2015/1/30,3440.01,3459.99,3420,3440.01,1359501,1146.67
2015/1/29,3380.01,3435,3380.01,3414.99,1343801,1138.33
2015/1/28,3399.99,3420,3384.99,3390,1151701,1130
2015/1/27,3399.99,3435,3390,3405,1061001,1135
2015/1/26,3420,3420,3395.01,3399.99,2070502,1133.33
2015/1/23,3470.01,3470.01,3395.01,3410.01,1740802,1136.67
2015/1/22,3450,3459.99,3395.01,3414.99,1919202,1138.33
2015/1/21,3515.01,3530.01,3455.01,3465,1081901,1155
2015/1/20,3540,3540,3489.99,3500.01,2468002,1166.67
2015/1/19,3519.99,3555,3519.99,3540,1811602,1180
2015/1/16,3575.01,3579.99,3489.99,3500.01,1928702,1166.67
2015/1/15,3590.01,3639.99,3579.99,3609.99,1900202,1203.33
2015/1/14,3609.99,3660,3594.99,3635.01,2225502,1211.67
2015/1/13,3575.01,3645,3564.99,3620.01,1874402,1206.67
2015/1/9,3620.01,3650.01,3570,3585,1316801,1195
2015/1/8,3624.99,3650.01,3564.99,3609.99,1878302,1203.33
2015/1/7,3429.99,3650.01,3429.99,3650.01,3982204,1216.67
2015/1/6,3414.99,3450,3410.01,3429.99,1424801,1143.33
2015/1/5,3435,3450,3414.99,3435,1100201,1145
2014/12/30,3455.01,3474.99,3429.99,3440.01,1069301,1146.67
2014/12/29,3465,3495,3435,3440.01,1317301,1146.67
2014/12/26,3500.01,3510,3480,3485.01,1129201,1161.67
2014/12/25,3540,3540,3470.01,3485.01,2289702,1161.67
2014/12/24,3579.99,3579.99,3510,3515.01,2330502,1171.67
2014/12/22,3545.01,3560.01,3489.99,3545.01,1982902,1181.67
2014/12/19,3500.01,3510,3455.01,3474.99,1284201,1158.33
2014/12/18,3504.99,3525,3429.99,3444.99,1650102,1148.33
2014/12/17,3425.01,3495,3420,3470.01,1279601,1156.67
2014/12/16,3365.01,3500.01,3350.01,3470.01,3883004,1156.67
2014/12/15,3500.01,3549.99,3384.99,3399.99,3334303,1133.33
2014/12/12,3555,3564.99,3510,3510,2578903,1170
2014/12/11,3590.01,3609.99,3560.01,3570,2458402,1190
2014/12/10,3555,3660,3555,3624.99,2944003,1208.33
2014/12/9,3600,3605.01,3534.99,3575.01,3600304,1191.67
2014/12/8,3735,3735,3600,3624.99,2645703,1208.33
2014/12/5,3759.99,3765,3699.99,3720,1871702,1240
2014/12/4,3894.99,3900,3774.99,3780,2437802,1260
2014/12/3,3864.99,3890.01,3834.99,3875.01,2888803,1291.67
2014/12/2,3849.99,3860.01,3789.99,3804.99,2825803,1268.33
2014/12/1,3924.99,3924.99,3804.99,3875.01,3077603,1291.67
2014/11/28,3890.01,3965.01,3885,3900,3695704,1300
2014/11/27,3905.01,3935.01,3860.01,3935.01,23336323,1311.67
2014/11/26,3894.99,3909.99,3834.99,3890.01,4725305,1296.67
2014/11/25,3819.99,3930,3810,3930,5813006,1310
2014/11/21,3770.01,3795,3699.99,3785.01,2842703,1261.67
2014/11/20,3795,3800.01,3725.01,3770.01,2089102,1256.67
2014/11/19,3789.99,3800.01,3705,3774.99,3194403,1258.33
2014/11/18,3575.01,3705,3560.01,3675,5588406,1225
2014/11/17,3705,3714.99,3450,3504.99,7553908,1168.33
2014/11/14,3840,3845.01,3605.01,3665.01,9618010,1221.67
2014/11/13,3960,3995.01,3905.01,3924.99,2487402,1308.33
2014/11/12,3969.99,4014.99,3954.99,3960,4396204,1320
2014/11/11,3900,3965.01,3875.01,3945,3723104,1315
2014/11/10,3879.99,3924.99,3800.01,3875.01,3462903,1291.67
2014/11/7,3845.01,3894.99,3819.99,3890.01,6428206,1296.67
2014/11/6,3789.99,3849.99,3770.01,3810,6210806,1270
2014/11/5,3705,3789.99,3699.99,3785.01,2875103,1261.67
2014/11/4,3800.01,3800.01,3675,3744.99,5480705,1248.33
2014/10/31,3654.99,3695.01,3615,3695.01,2653203,1231.67
2014/10/30,3660,3669.99,3630,3654.99,2707203,1218.33
2014/10/29,3699.99,3755.01,3594.99,3639.99,19053819,1213.33
2014/10/28,3695.01,3725.01,3660,3684.99,5294205,1228.33
2014/10/27,3639.99,3699.99,3570,3690,5426305,1230
2014/10/24,3654.99,3665.01,3495,3620.01,9990210,1206.67
2014/10/23,3710.01,3725.01,3624.99,3650.01,7240207,1216.67
2014/10/22,3800.01,3819.99,3710.01,3795,12777913,1265
2014/10/21,3710.01,3789.99,3660,3765,10402810,1255
2014/10/20,3699.99,3834.99,3620.01,3800.01,17782818,1266.67
2014/10/17,3450,3600,3395.01,3545.01,23105723,1181.67
2014/10/16,3170.01,3455.01,3150,3330,55215155,1110
